,Entity,Code,Year,Annual_biofuel_consumption,Continent
0,North America,,2000,118.7162,
1,North America,,2001,140.7847,
2,North America,,2002,190.13275,
3,North America,,2003,237.7285,
4,North America,,2004,276.67476,
5,North America,,2005,379.94628,
6,North America,,2006,494.2271,
7,North America,,2007,676.27757,
8,North America,,2008,768.49596,
9,North America,,2009,888.303,
10,Bermuda,BMU,2000,0,
11,Bermuda,BMU,2001,0,
12,Bermuda,BMU,2002,0,
13,Bermuda,BMU,2003,0,
14,Bermuda,BMU,2004,0,
15,Bermuda,BMU,2005,0,
16,Bermuda,BMU,2006,0,
17,Bermuda,BMU,2007,0,
18,Bermuda,BMU,2008,0,
19,Bermuda,BMU,2009,0,
20,Canada,CAN,2000,4.5,North America
21,Canada,CAN,2001,4.5,North America
22,Canada,CAN,2002,4.9,North America
23,Canada,CAN,2003,4.9,North America
24,Canada,CAN,2004,6,North America
25,Canada,CAN,2005,5.4,North America
26,Canada,CAN,2006,21.6,North America
27,Canada,CAN,2007,25.7,North America
28,Canada,CAN,2008,27.81,North America
29,Canada,CAN,2009,34.2,North America
30,Greenland,GRL,2000,0,
31,Greenland,GRL,2001,0,
32,Greenland,GRL,2002,0,
33,Greenland,GRL,2003,0,
34,Greenland,GRL,2004,0,
35,Greenland,GRL,2005,0,
36,Greenland,GRL,2006,0,
37,Greenland,GRL,2007,0,
38,Greenland,GRL,2008,0,
39,Greenland,GRL,2009,0,
40,Mexico,MEX,2000,0,North America
41,Mexico,MEX,2001,0,North America
42,Mexico,MEX,2002,0,North America
43,Mexico,MEX,2003,0,North America
44,Mexico,MEX,2004,0,North America
45,Mexico,MEX,2005,0,North America
46,Mexico,MEX,2006,0.1,North America
47,Mexico,MEX,2007,0.1,North America
48,Mexico,MEX,2008,0.103,North America
49,Mexico,MEX,2009,0.4,North America
50,Saint Pierre and Miquelon,SPM,2000,0,
51,Saint Pierre and Miquelon,SPM,2001,0,
52,Saint Pierre and Miquelon,SPM,2002,0,
53,Saint Pierre and Miquelon,SPM,2003,0,
54,Saint Pierre and Miquelon,SPM,2004,0,
55,Saint Pierre and Miquelon,SPM,2005,0,
56,Saint Pierre and Miquelon,SPM,2006,0,
57,Saint Pierre and Miquelon,SPM,2007,0,
58,Saint Pierre and Miquelon,SPM,2008,0,
59,Saint Pierre and Miquelon,SPM,2009,0,
60,United States,USA,2000,114.2162,North America
61,United States,USA,2001,136.2847,North America
62,United States,USA,2002,185.23275,North America
63,United States,USA,2003,232.8285,North America
64,United States,USA,2004,270.67476,North America
65,United States,USA,2005,374.54628,North America
66,United States,USA,2006,472.5271,North America
67,United States,USA,2007,650.47757,North America
68,United States,USA,2008,740.58296,North America
69,United States,USA,2009,853.703,North America
70,Central & South America,,2000,142.59798,
71,Central & South America,,2001,161.38807,
72,Central & South America,,2002,145.33577,
73,Central & South America,,2003,178.31824,
74,Central & South America,,2004,184.3888,
75,Central & South America,,2005,201.67622,
76,Central & South America,,2006,275.60815,
77,Central & South America,,2007,364.37384,
78,Central & South America,,2008,438.07631,
79,Central & South America,,2009,455.46686,
80,Antarctica,,2000,0,
81,Antarctica,,2001,0,
82,Antarctica,,2002,0,
83,Antarctica,,2003,0,
84,Antarctica,,2004,0,
85,Antarctica,,2005,0,
86,Antarctica,,2006,0,
87,Antarctica,,2007,0,
88,Antarctica,,2008,0,
89,Antarctica,,2009,0,
90,Antigua and Barbuda,ATG,2000,0,North America
91,Antigua and Barbuda,ATG,2001,0,North America
92,Antigua and Barbuda,ATG,2002,0,North America
93,Antigua and Barbuda,ATG,2003,0,North America
94,Antigua and Barbuda,ATG,2004,0,North America
95,Antigua and Barbuda,ATG,2005,0,North America
96,Antigua and Barbuda,ATG,2006,0,North America
97,Antigua and Barbuda,ATG,2007,0,North America
98,Antigua and Barbuda,ATG,2008,0,North America
99,Antigua and Barbuda,ATG,2009,0,North America
100,Argentina,ARG,2000,0.2,South America
101,Argentina,ARG,2001,0.2,South America
102,Argentina,ARG,2002,0.2,South America
103,Argentina,ARG,2003,0.2,South America
104,Argentina,ARG,2004,0.3,South America
105,Argentina,ARG,2005,0.3,South America
106,Argentina,ARG,2006,0.3,South America
107,Argentina,ARG,2007,0.3,South America
108,Argentina,ARG,2008,0.55,South America
109,Argentina,ARG,2009,11.9,South America
110,Aruba,ABW,2000,0,
111,Aruba,ABW,2001,0,
112,Aruba,ABW,2002,0,
113,Aruba,ABW,2003,0,
114,Aruba,ABW,2004,0,
115,Aruba,ABW,2005,0,
116,Aruba,ABW,2006,0,
117,Aruba,ABW,2007,0,
118,Aruba,ABW,2008,0,
119,Aruba,ABW,2009,0,
120,Bahamas,BHS,2000,0,North America
121,Bahamas,BHS,2001,0,North America
122,Bahamas,BHS,2002,0,North America
123,Bahamas,BHS,2003,0,North America
124,Bahamas,BHS,2004,0,North America
125,Bahamas,BHS,2005,0,North America
126,Bahamas,BHS,2006,0,North America
127,Bahamas,BHS,2007,0,North America
128,Bahamas,BHS,2008,0,North America
129,Bahamas,BHS,2009,0,North America
130,Barbados,BRB,2000,0,North America
131,Barbados,BRB,2001,0,North America
132,Barbados,BRB,2002,0,North America
133,Barbados,BRB,2003,0,North America
134,Barbados,BRB,2004,0,North America
135,Barbados,BRB,2005,0.0003,North America
136,Barbados,BRB,2006,0.0003,North America
137,Barbados,BRB,2007,0.001,North America
138,Barbados,BRB,2008,0.001,North America
139,Barbados,BRB,2009,0.001,North America
140,Belize,BLZ,2000,0,North America
141,Belize,BLZ,2001,0,North America
142,Belize,BLZ,2002,0,North America
143,Belize,BLZ,2003,0,North America
144,Belize,BLZ,2004,0,North America
145,Belize,BLZ,2005,0,North America
146,Belize,BLZ,2006,0,North America
147,Belize,BLZ,2007,0,North America
148,Belize,BLZ,2008,0,North America
149,Belize,BLZ,2009,0,North America
150,Bolivia,BOL,2000,0,South America
151,Bolivia,BOL,2001,0,South America
152,Bolivia,BOL,2002,0,South America
153,Bolivia,BOL,2003,0,South America
154,Bolivia,BOL,2004,0,South America
155,Bolivia,BOL,2005,0,South America
156,Bolivia,BOL,2006,0,South America
157,Bolivia,BOL,2007,0,South America
158,Bolivia,BOL,2008,0,South America
159,Bolivia,BOL,2009,0,South America
160,Brazil,BRA,2000,141.37798,South America
161,Brazil,BRA,2001,160.16807,South America
162,Brazil,BRA,2002,144.01577,South America
163,Brazil,BRA,2003,177.11824,South America
164,Brazil,BRA,2004,181.9578,South America
165,Brazil,BRA,2005,195.22592,South America
166,Brazil,BRA,2006,268.47785,South America
167,Brazil,BRA,2007,355.65284,South America
168,Brazil,BRA,2008,420.26531,South America
169,Brazil,BRA,2009,424.33586,South America
170,Cayman Islands,CYM,2000,0,
171,Cayman Islands,CYM,2001,0,
172,Cayman Islands,CYM,2002,0,
173,Cayman Islands,CYM,2003,0,
174,Cayman Islands,CYM,2004,0,
175,Cayman Islands,CYM,2005,0,
176,Cayman Islands,CYM,2006,0,
177,Cayman Islands,CYM,2007,0,
178,Cayman Islands,CYM,2008,0,
179,Cayman Islands,CYM,2009,0,
180,Chile,CHL,2000,0,South America
181,Chile,CHL,2001,0,South America
182,Chile,CHL,2002,0,South America
183,Chile,CHL,2003,0,South America
184,Chile,CHL,2004,0,South America
185,Chile,CHL,2005,0,South America
186,Chile,CHL,2006,0,South America
187,Chile,CHL,2007,0,South America
188,Chile,CHL,2008,0,South America
189,Chile,CHL,2009,0,South America
190,Colombia,COL,2000,0,South America
191,Colombia,COL,2001,0,South America
192,Colombia,COL,2002,0,South America
193,Colombia,COL,2003,0,South America
194,Colombia,COL,2004,0.5,South America
195,Colombia,COL,2005,4.6,South America
196,Colombia,COL,2006,4.8,South America
197,Colombia,COL,2007,5.8,South America
198,Colombia,COL,2008,11.3,South America
199,Colombia,COL,2009,12,South America
200,Costa Rica,CRI,2000,0,North America
201,Costa Rica,CRI,2001,0,North America
202,Costa Rica,CRI,2002,0,North America
203,Costa Rica,CRI,2003,0,North America
204,Costa Rica,CRI,2004,0,North America
205,Costa Rica,CRI,2005,0,North America
206,Costa Rica,CRI,2006,0.05,North America
207,Costa Rica,CRI,2007,0.05,North America
208,Costa Rica,CRI,2008,0.5,North America
209,Costa Rica,CRI,2009,0.5,North America
210,Cuba,CUB,2000,1,North America
211,Cuba,CUB,2001,1,North America
212,Cuba,CUB,2002,1.1,North America
213,Cuba,CUB,2003,1,North America
214,Cuba,CUB,2004,1,North America
215,Cuba,CUB,2005,0.7,North America
216,Cuba,CUB,2006,0.4,North America
217,Cuba,CUB,2007,0.3,North America
218,Cuba,CUB,2008,0.3,North America
219,Cuba,CUB,2009,0.3,North America
220,Dominica,DMA,2000,0,North America
221,Dominica,DMA,2001,0,North America
222,Dominica,DMA,2002,0,North America
223,Dominica,DMA,2003,0,North America
224,Dominica,DMA,2004,0,North America
225,Dominica,DMA,2005,0,North America
226,Dominica,DMA,2006,0,North America
227,Dominica,DMA,2007,0,North America
228,Dominica,DMA,2008,0,North America
229,Dominica,DMA,2009,0,North America
230,Dominican Republic,DOM,2000,0,North America
231,Dominican Republic,DOM,2001,0,North America
232,Dominican Republic,DOM,2002,0,North America
233,Dominican Republic,DOM,2003,0,North America
234,Dominican Republic,DOM,2004,0,North America
235,Dominican Republic,DOM,2005,0,North America
236,Dominican Republic,DOM,2006,0,North America
237,Dominican Republic,DOM,2007,0,North America
238,Dominican Republic,DOM,2008,0,North America
239,Dominican Republic,DOM,2009,0,North America
240,Ecuador,ECU,2000,0,South America
241,Ecuador,ECU,2001,0,South America
242,Ecuador,ECU,2002,0,South America
243,Ecuador,ECU,2003,0,South America
244,Ecuador,ECU,2004,0,South America
245,Ecuador,ECU,2005,0,South America
246,Ecuador,ECU,2006,0,South America
247,Ecuador,ECU,2007,0,South America
248,Ecuador,ECU,2008,0,South America
249,Ecuador,ECU,2009,0.2,South America
250,El Salvador,SLV,2000,0,North America
251,El Salvador,SLV,2001,0,North America
252,El Salvador,SLV,2002,0,North America
253,El Salvador,SLV,2003,0,North America
254,El Salvador,SLV,2004,0,North America
255,El Salvador,SLV,2005,0,North America
256,El Salvador,SLV,2006,0,North America
257,El Salvador,SLV,2007,0,North America
258,El Salvador,SLV,2008,0,North America
259,El Salvador,SLV,2009,0,North America
260,Falkland Islands (Islas Malvinas),,2000,0,
261,Falkland Islands (Islas Malvinas),,2001,0,
262,Falkland Islands (Islas Malvinas),,2002,0,
263,Falkland Islands (Islas Malvinas),,2003,0,
264,Falkland Islands (Islas Malvinas),,2004,0,
265,Falkland Islands (Islas Malvinas),,2005,0,
266,Falkland Islands (Islas Malvinas),,2006,0,
267,Falkland Islands (Islas Malvinas),,2007,0,
268,Falkland Islands (Islas Malvinas),,2008,0,
269,Falkland Islands (Islas Malvinas),,2009,0,
270,French Guiana,GUF,2000,0,
271,French Guiana,GUF,2001,0,
272,French Guiana,GUF,2002,0,
273,French Guiana,GUF,2003,0,
274,French Guiana,GUF,2004,0,
275,French Guiana,GUF,2005,0,
276,French Guiana,GUF,2006,0,
277,French Guiana,GUF,2007,0,
278,French Guiana,GUF,2008,0,
279,French Guiana,GUF,2009,0,
280,Grenada,GRD,2000,0,North America
281,Grenada,GRD,2001,0,North America
282,Grenada,GRD,2002,0,North America
283,Grenada,GRD,2003,0,North America
284,Grenada,GRD,2004,0,North America
285,Grenada,GRD,2005,0,North America
286,Grenada,GRD,2006,0,North America
287,Grenada,GRD,2007,0,North America
288,Grenada,GRD,2008,0,North America
289,Grenada,GRD,2009,0,North America
290,Guadeloupe,GLP,2000,0,
291,Guadeloupe,GLP,2001,0,
292,Guadeloupe,GLP,2002,0,
293,Guadeloupe,GLP,2003,0,
294,Guadeloupe,GLP,2004,0,
295,Guadeloupe,GLP,2005,0,
296,Guadeloupe,GLP,2006,0,
297,Guadeloupe,GLP,2007,0,
298,Guadeloupe,GLP,2008,0,
299,Guadeloupe,GLP,2009,0,
300,Guatemala,GTM,2000,0,North America
301,Guatemala,GTM,2001,0,North America
302,Guatemala,GTM,2002,0,North America
303,Guatemala,GTM,2003,0,North America
304,Guatemala,GTM,2004,0,North America
305,Guatemala,GTM,2005,0,North America
306,Guatemala,GTM,2006,0,North America
307,Guatemala,GTM,2007,0,North America
308,Guatemala,GTM,2008,0.01,North America
309,Guatemala,GTM,2009,0.01,North America
310,Guyana,GUY,2000,0,South America
311,Guyana,GUY,2001,0,South America
312,Guyana,GUY,2002,0,South America
313,Guyana,GUY,2003,0,South America
314,Guyana,GUY,2004,0,South America
315,Guyana,GUY,2005,0,South America
316,Guyana,GUY,2006,0,South America
317,Guyana,GUY,2007,0,South America
318,Guyana,GUY,2008,0,South America
319,Guyana,GUY,2009,0,South America
320,Haiti,HTI,2000,0,North America
321,Haiti,HTI,2001,0,North America
322,Haiti,HTI,2002,0,North America
323,Haiti,HTI,2003,0,North America
324,Haiti,HTI,2004,0,North America
325,Haiti,HTI,2005,0,North America
326,Haiti,HTI,2006,0,North America
327,Haiti,HTI,2007,0,North America
328,Haiti,HTI,2008,0,North America
329,Haiti,HTI,2009,0,North America
330,Honduras,HND,2000,0,North America
331,Honduras,HND,2001,0,North America
332,Honduras,HND,2002,0,North America
333,Honduras,HND,2003,0,North America
334,Honduras,HND,2004,0.001,North America
335,Honduras,HND,2005,0.01,North America
336,Honduras,HND,2006,0.02,North America
337,Honduras,HND,2007,0.02,North America
338,Honduras,HND,2008,0.01,North America
339,Honduras,HND,2009,0.02,North America
340,Jamaica,JAM,2000,0,North America
341,Jamaica,JAM,2001,0,North America
342,Jamaica,JAM,2002,0,North America
343,Jamaica,JAM,2003,0,North America
344,Jamaica,JAM,2004,0,North America
345,Jamaica,JAM,2005,0,North America
346,Jamaica,JAM,2006,0,North America
347,Jamaica,JAM,2007,0.1,North America
348,Jamaica,JAM,2008,1,North America
349,Jamaica,JAM,2009,1,North America
350,Martinique,MTQ,2000,0,
351,Martinique,MTQ,2001,0,
352,Martinique,MTQ,2002,0,
353,Martinique,MTQ,2003,0,
354,Martinique,MTQ,2004,0,
355,Martinique,MTQ,2005,0,
356,Martinique,MTQ,2006,0,
357,Martinique,MTQ,2007,0,
358,Martinique,MTQ,2008,0,
359,Martinique,MTQ,2009,0,
360,Montserrat,MSR,2000,0,
361,Montserrat,MSR,2001,0,
362,Montserrat,MSR,2002,0,
363,Montserrat,MSR,2003,0,
364,Montserrat,MSR,2004,0,
365,Montserrat,MSR,2005,0,
366,Montserrat,MSR,2006,0,
367,Montserrat,MSR,2007,0,
368,Montserrat,MSR,2008,0,
369,Montserrat,MSR,2009,0,
370,Netherlands Antilles,,2000,0,
371,Netherlands Antilles,,2001,0,
372,Netherlands Antilles,,2002,0,
373,Netherlands Antilles,,2003,0,
374,Netherlands Antilles,,2004,0,
375,Netherlands Antilles,,2005,0,
376,Netherlands Antilles,,2006,0,
377,Netherlands Antilles,,2007,0,
378,Netherlands Antilles,,2008,0,
379,Netherlands Antilles,,2009,0,
380,Nicaragua,NIC,2000,0,North America
381,Nicaragua,NIC,2001,0,North America
382,Nicaragua,NIC,2002,0,North America
383,Nicaragua,NIC,2003,0,North America
384,Nicaragua,NIC,2004,0,North America
385,Nicaragua,NIC,2005,0,North America
386,Nicaragua,NIC,2006,0,North America
387,Nicaragua,NIC,2007,0,North America
388,Nicaragua,NIC,2008,0,North America
389,Nicaragua,NIC,2009,0,North America
390,Panama,PAN,2000,0,North America
391,Panama,PAN,2001,0,North America
392,Panama,PAN,2002,0,North America
393,Panama,PAN,2003,0,North America
394,Panama,PAN,2004,0,North America
395,Panama,PAN,2005,0,North America
396,Panama,PAN,2006,0,North America
397,Panama,PAN,2007,0,North America
398,Panama,PAN,2008,0,North America
399,Panama,PAN,2009,0,North America
400,Paraguay,PRY,2000,0.02,South America
401,Paraguay,PRY,2001,0.02,South America
402,Paraguay,PRY,2002,0.02,South America
403,Paraguay,PRY,2003,0,South America
404,Paraguay,PRY,2004,0.6,South America
405,Paraguay,PRY,2005,0.8,South America
406,Paraguay,PRY,2006,1.1,South America
407,Paraguay,PRY,2007,1.6,South America
408,Paraguay,PRY,2008,2,South America
409,Paraguay,PRY,2009,2.4,South America
410,Peru,PER,2000,0,South America
411,Peru,PER,2001,0,South America
412,Peru,PER,2002,0,South America
413,Peru,PER,2003,0,South America
414,Peru,PER,2004,0,South America
415,Peru,PER,2005,0,South America
416,Peru,PER,2006,0.4,South America
417,Peru,PER,2007,0.5,South America
418,Peru,PER,2008,2,South America
419,Peru,PER,2009,2.5,South America
420,Puerto Rico,,2000,0,
421,Puerto Rico,,2001,0,
422,Puerto Rico,,2002,0,
423,Puerto Rico,,2003,0,
424,Puerto Rico,,2004,0,
425,Puerto Rico,,2005,0,
426,Puerto Rico,,2006,0,
427,Puerto Rico,,2007,0,
428,Puerto Rico,,2008,0,
429,Puerto Rico,,2009,0,
430,Saint Kitts and Nevis,KNA,2000,0,North America
431,Saint Kitts and Nevis,KNA,2001,0,North America
432,Saint Kitts and Nevis,KNA,2002,0,North America
433,Saint Kitts and Nevis,KNA,2003,0,North America
434,Saint Kitts and Nevis,KNA,2004,0,North America
435,Saint Kitts and Nevis,KNA,2005,0,North America
436,Saint Kitts and Nevis,KNA,2006,0,North America
437,Saint Kitts and Nevis,KNA,2007,0,North America
438,Saint Kitts and Nevis,KNA,2008,0,North America
439,Saint Kitts and Nevis,KNA,2009,0,North America
440,Saint Lucia,LCA,2000,0,North America
441,Saint Lucia,LCA,2001,0,North America
442,Saint Lucia,LCA,2002,0,North America
443,Saint Lucia,LCA,2003,0,North America
444,Saint Lucia,LCA,2004,0,North America
445,Saint Lucia,LCA,2005,0,North America
446,Saint Lucia,LCA,2006,0,North America
447,Saint Lucia,LCA,2007,0,North America
448,Saint Lucia,LCA,2008,0,North America
449,Saint Lucia,LCA,2009,0,North America
450,Saint Vincent/Grenadines,,2000,0,
451,Saint Vincent/Grenadines,,2001,0,
452,Saint Vincent/Grenadines,,2002,0,
453,Saint Vincent/Grenadines,,2003,0,
454,Saint Vincent/Grenadines,,2004,0,
455,Saint Vincent/Grenadines,,2005,0,
456,Saint Vincent/Grenadines,,2006,0,
457,Saint Vincent/Grenadines,,2007,0,
458,Saint Vincent/Grenadines,,2008,0,
459,Saint Vincent/Grenadines,,2009,0,
460,Suriname,SUR,2000,0,South America
461,Suriname,SUR,2001,0,South America
462,Suriname,SUR,2002,0,South America
463,Suriname,SUR,2003,0,South America
464,Suriname,SUR,2004,0,South America
465,Suriname,SUR,2005,0,South America
466,Suriname,SUR,2006,0,South America
467,Suriname,SUR,2007,0,South America
468,Suriname,SUR,2008,0,South America
469,Suriname,SUR,2009,0,South America
470,Trinidad and Tobago,TTO,2000,0,North America
471,Trinidad and Tobago,TTO,2001,0,North America
472,Trinidad and Tobago,TTO,2002,0,North America
473,Trinidad and Tobago,TTO,2003,0,North America
474,Trinidad and Tobago,TTO,2004,0,North America
475,Trinidad and Tobago,TTO,2005,0,North America
476,Trinidad and Tobago,TTO,2006,0,North America
477,Trinidad and Tobago,TTO,2007,0,North America
478,Trinidad and Tobago,TTO,2008,0,North America
479,Trinidad and Tobago,TTO,2009,0,North America
480,Turks and Caicos Islands,TCA,2000,0,
481,Turks and Caicos Islands,TCA,2001,0,
482,Turks and Caicos Islands,TCA,2002,0,
483,Turks and Caicos Islands,TCA,2003,0,
484,Turks and Caicos Islands,TCA,2004,0,
485,Turks and Caicos Islands,TCA,2005,0,
486,Turks and Caicos Islands,TCA,2006,0,
487,Turks and Caicos Islands,TCA,2007,0,
488,Turks and Caicos Islands,TCA,2008,0,
489,Turks and Caicos Islands,TCA,2009,0,
490,Uruguay,URY,2000,0,South America
491,Uruguay,URY,2001,0,South America
492,Uruguay,URY,2002,0,South America
493,Uruguay,URY,2003,0,South America
494,Uruguay,URY,2004,0.03,South America
495,Uruguay,URY,2005,0.04,South America
496,Uruguay,URY,2006,0.06,South America
497,Uruguay,URY,2007,0.05,South America
498,Uruguay,URY,2008,0.14,South America
499,Uruguay,URY,2009,0.3,South America
500,Venezuela,VEN,2000,0,South America
501,Venezuela,VEN,2001,0,South America
502,Venezuela,VEN,2002,0,South America
503,Venezuela,VEN,2003,0,South America
504,Venezuela,VEN,2004,0,South America
505,Venezuela,VEN,2005,0,South America
506,Venezuela,VEN,2006,0,South America
507,Venezuela,VEN,2007,0,South America
508,Venezuela,VEN,2008,0,South America
509,Venezuela,VEN,2009,0,South America
510,Virgin Islands,,2000,0,
511,Virgin Islands,,2001,0,
512,Virgin Islands,,2002,0,
513,Virgin Islands,,2003,0,
514,Virgin Islands,,2004,0,
515,Virgin Islands,,2005,0,
516,Virgin Islands,,2006,0,
517,Virgin Islands,,2007,0,
518,Virgin Islands,,2008,0,
519,Virgin Islands,,2009,0,
520,Virgin Islands,,2000,0,
521,Virgin Islands,,2001,0,
522,Virgin Islands,,2002,0,
523,Virgin Islands,,2003,0,
524,Virgin Islands,,2004,0,
525,Virgin Islands,,2005,0,
526,Virgin Islands,,2006,0,
527,Virgin Islands,,2007,0,
528,Virgin Islands,,2008,0,
529,Virgin Islands,,2009,0,
530,Europe,,2000,18.72,
531,Europe,,2001,25.76,
532,Europe,,2002,33.96,
533,Europe,,2003,48.17,
534,Europe,,2004,72.5093,
535,Europe,,2005,123.021,
536,Europe,,2006,173.386,
537,Europe,,2007,238.18,
538,Europe,,2008,292.545,
539,Europe,,2009,329.635,
540,Albania,ALB,2000,0,Europe
541,Albania,ALB,2001,0,Europe
542,Albania,ALB,2002,0,Europe
543,Albania,ALB,2003,0,Europe
544,Albania,ALB,2004,0,Europe
545,Albania,ALB,2005,0,Europe
546,Albania,ALB,2006,0,Europe
547,Albania,ALB,2007,0,Europe
548,Albania,ALB,2008,0,Europe
549,Albania,ALB,2009,0,Europe
550,Austria,AUT,2000,0.4,Europe
551,Austria,AUT,2001,0.5,Europe
552,Austria,AUT,2002,0.6,Europe
553,Austria,AUT,2003,1.1,Europe
554,Austria,AUT,2004,1.7,Europe
555,Austria,AUT,2005,6.4,Europe
556,Austria,AUT,2006,7.7,Europe
557,Austria,AUT,2007,9.7,Europe
558,Austria,AUT,2008,12.4,Europe
559,Austria,AUT,2009,12.5,Europe
560,Belgium,BEL,2000,0,Europe
561,Belgium,BEL,2001,0,Europe
562,Belgium,BEL,2002,0,Europe
563,Belgium,BEL,2003,0,Europe
564,Belgium,BEL,2004,0,Europe
565,Belgium,BEL,2005,0.02,Europe
566,Belgium,BEL,2006,2,Europe
567,Belgium,BEL,2007,2.3,Europe
568,Belgium,BEL,2008,7.4,Europe
569,Belgium,BEL,2009,8.2,Europe
570,Bosnia and Herzegovina,BIH,2000,0,Europe
571,Bosnia and Herzegovina,BIH,2001,0,Europe
572,Bosnia and Herzegovina,BIH,2002,0,Europe
573,Bosnia and Herzegovina,BIH,2003,0,Europe
574,Bosnia and Herzegovina,BIH,2004,0,Europe
575,Bosnia and Herzegovina,BIH,2005,0,Europe
576,Bosnia and Herzegovina,BIH,2006,0,Europe
577,Bosnia and Herzegovina,BIH,2007,0,Europe
578,Bosnia and Herzegovina,BIH,2008,0,Europe
579,Bosnia and Herzegovina,BIH,2009,0,Europe
580,Bulgaria,BGR,2000,0,Europe
581,Bulgaria,BGR,2001,0,Europe
582,Bulgaria,BGR,2002,0,Europe
583,Bulgaria,BGR,2003,0,Europe
584,Bulgaria,BGR,2004,0,Europe
585,Bulgaria,BGR,2005,0.1,Europe
586,Bulgaria,BGR,2006,0.04,Europe
587,Bulgaria,BGR,2007,0.08,Europe
588,Bulgaria,BGR,2008,0.1,Europe
589,Bulgaria,BGR,2009,0.8,Europe
590,Croatia,HRV,2000,0,Europe
591,Croatia,HRV,2001,0,Europe
592,Croatia,HRV,2002,0,Europe
593,Croatia,HRV,2003,0,Europe
594,Croatia,HRV,2004,0,Europe
595,Croatia,HRV,2005,0,Europe
596,Croatia,HRV,2006,0.06,Europe
597,Croatia,HRV,2007,0.04,Europe
598,Croatia,HRV,2008,0.06,Europe
599,Croatia,HRV,2009,0.1,Europe
600,Cyprus,CYP,2000,0,Asia
601,Cyprus,CYP,2001,0,Asia
602,Cyprus,CYP,2002,0,Asia
603,Cyprus,CYP,2003,0,Asia
604,Cyprus,CYP,2004,0,Asia
605,Cyprus,CYP,2005,0,Asia
606,Cyprus,CYP,2006,0.02,Asia
607,Cyprus,CYP,2007,0.31,Asia
608,Cyprus,CYP,2008,0.33,Asia
609,Cyprus,CYP,2009,0.33,Asia
610,Czech Republic,CZE,2000,1,Europe
611,Czech Republic,CZE,2001,1.4,Europe
612,Czech Republic,CZE,2002,1.4,Europe
613,Czech Republic,CZE,2003,0.7,Europe
614,Czech Republic,CZE,2004,0.1,Europe
615,Czech Republic,CZE,2005,0.44,Europe
616,Czech Republic,CZE,2006,0.704,Europe
617,Czech Republic,CZE,2007,2.8,Europe
618,Czech Republic,CZE,2008,4.9,Europe
619,Czech Republic,CZE,2009,5.8,Europe
620,Denmark,DNK,2000,0,Europe
621,Denmark,DNK,2001,0,Europe
622,Denmark,DNK,2002,0,Europe
623,Denmark,DNK,2003,0,Europe
624,Denmark,DNK,2004,0,Europe
625,Denmark,DNK,2005,0.1,Europe
626,Denmark,DNK,2006,0.2,Europe
627,Denmark,DNK,2007,0.205,Europe
628,Denmark,DNK,2008,0.3,Europe
629,Denmark,DNK,2009,1.1,Europe
630,Faroe Islands,,2000,0,
631,Faroe Islands,,2001,0,
632,Faroe Islands,,2002,0,
633,Faroe Islands,,2003,0,
634,Faroe Islands,,2004,0,
635,Faroe Islands,,2005,0,
636,Faroe Islands,,2006,0,
637,Faroe Islands,,2007,0,
638,Faroe Islands,,2008,0,
639,Faroe Islands,,2009,0,
640,Finland,FIN,2000,0,Europe
641,Finland,FIN,2001,0.02,Europe
642,Finland,FIN,2002,0.1,Europe
643,Finland,FIN,2003,0.1,Europe
644,Finland,FIN,2004,0,Europe
645,Finland,FIN,2005,0.02,Europe
646,Finland,FIN,2006,0.103,Europe
647,Finland,FIN,2007,2.4,Europe
648,Finland,FIN,2008,3.9,Europe
649,Finland,FIN,2009,4.5,Europe
650,Former Czechoslovakia,,2000,--,
651,Former Czechoslovakia,,2001,--,
652,Former Czechoslovakia,,2002,--,
653,Former Czechoslovakia,,2003,--,
654,Former Czechoslovakia,,2004,--,
655,Former Czechoslovakia,,2005,--,
656,Former Czechoslovakia,,2006,--,
657,Former Czechoslovakia,,2007,--,
658,Former Czechoslovakia,,2008,--,
659,Former Czechoslovakia,,2009,--,
660,Former Serbia and Montenegro,,2000,0,
661,Former Serbia and Montenegro,,2001,0,
662,Former Serbia and Montenegro,,2002,0,
663,Former Serbia and Montenegro,,2003,0,
664,Former Serbia and Montenegro,,2004,0,
665,Former Serbia and Montenegro,,2005,--,
666,Former Serbia and Montenegro,,2006,--,
667,Former Serbia and Montenegro,,2007,--,
668,Former Serbia and Montenegro,,2008,--,
669,Former Serbia and Montenegro,,2009,--,
670,Former Yugoslavia,,2000,--,
671,Former Yugoslavia,,2001,--,
672,Former Yugoslavia,,2002,--,
673,Former Yugoslavia,,2003,--,
674,Former Yugoslavia,,2004,--,
675,Former Yugoslavia,,2005,--,
676,Former Yugoslavia,,2006,--,
677,Former Yugoslavia,,2007,--,
678,Former Yugoslavia,,2008,--,
679,Former Yugoslavia,,2009,--,
680,France,FRA,2000,7.86,Europe
681,France,FRA,2001,8.32,Europe
682,France,FRA,2002,7.57,Europe
683,France,FRA,2003,8.18,Europe
684,France,FRA,2004,9.52,Europe
685,France,FRA,2005,18.4,Europe
686,France,FRA,2006,34.3,Europe
687,France,FRA,2007,54.6,Europe
688,France,FRA,2008,59,Europe
689,France,FRA,2009,55,Europe
690,Germany,DEU,2000,6.8,Europe
691,Germany,DEU,2001,10.8,Europe
692,Germany,DEU,2002,15.7,Europe
693,Germany,DEU,2003,21.9,Europe
694,Germany,DEU,2004,40.7,Europe
695,Germany,DEU,2005,67,Europe
696,Germany,DEU,2006,74,Europe
697,Germany,DEU,2007,66,Europe
698,Germany,DEU,2008,68,Europe
699,Germany,DEU,2009,75.5,Europe
700,Germany,DEU,2000,--,Europe
701,Germany,DEU,2001,--,Europe
702,Germany,DEU,2002,--,Europe
703,Germany,DEU,2003,--,Europe
704,Germany,DEU,2004,--,Europe
705,Germany,DEU,2005,--,Europe
706,Germany,DEU,2006,--,Europe
707,Germany,DEU,2007,--,Europe
708,Germany,DEU,2008,--,Europe
709,Germany,DEU,2009,--,Europe
710,Germany,DEU,2000,--,Europe
711,Germany,DEU,2001,--,Europe
712,Germany,DEU,2002,--,Europe
713,Germany,DEU,2003,--,Europe
714,Germany,DEU,2004,--,Europe
715,Germany,DEU,2005,--,Europe
716,Germany,DEU,2006,--,Europe
717,Germany,DEU,2007,--,Europe
718,Germany,DEU,2008,--,Europe
719,Germany,DEU,2009,--,Europe
720,Gibraltar,GIB,2000,0,
721,Gibraltar,GIB,2001,0,
722,Gibraltar,GIB,2002,0,
723,Gibraltar,GIB,2003,0,
724,Gibraltar,GIB,2004,0,
725,Gibraltar,GIB,2005,0,
726,Gibraltar,GIB,2006,0,
727,Gibraltar,GIB,2007,0,
728,Gibraltar,GIB,2008,0,
729,Gibraltar,GIB,2009,0,
730,Greece,GRC,2000,0,Europe
731,Greece,GRC,2001,0,Europe
732,Greece,GRC,2002,0,Europe
733,Greece,GRC,2003,0,Europe
734,Greece,GRC,2004,0.06,Europe
735,Greece,GRC,2005,1,Europe
736,Greece,GRC,2006,1.9,Europe
737,Greece,GRC,2007,1.5,Europe
738,Greece,GRC,2008,1.7,Europe
739,Greece,GRC,2009,2.8,Europe
740,Hungary,HUN,2000,0,Europe
741,Hungary,HUN,2001,0,Europe
742,Hungary,HUN,2002,0,Europe
743,Hungary,HUN,2003,0,Europe
744,Hungary,HUN,2004,0.1,Europe
745,Hungary,HUN,2005,0.407,Europe
746,Hungary,HUN,2006,0.94,Europe
747,Hungary,HUN,2007,4.2,Europe
748,Hungary,HUN,2008,4.3,Europe
749,Hungary,HUN,2009,4.1,Europe
750,Iceland,ISL,2000,0,Europe
751,Iceland,ISL,2001,0,Europe
752,Iceland,ISL,2002,0,Europe
753,Iceland,ISL,2003,0,Europe
754,Iceland,ISL,2004,0,Europe
755,Iceland,ISL,2005,0,Europe
756,Iceland,ISL,2006,0,Europe
757,Iceland,ISL,2007,0.005,Europe
758,Iceland,ISL,2008,0.005,Europe
759,Iceland,ISL,2009,0.005,Europe
760,Ireland,IRL,2000,0,
761,Ireland,IRL,2001,0,
762,Ireland,IRL,2002,0,
763,Ireland,IRL,2003,0,
764,Ireland,IRL,2004,0.0203,
765,Ireland,IRL,2005,0.06,
766,Ireland,IRL,2006,0.6,
767,Ireland,IRL,2007,1.4,
768,Ireland,IRL,2008,2,
769,Ireland,IRL,2009,2,
770,Italy,ITA,2000,0,Europe
771,Italy,ITA,2001,0,Europe
772,Italy,ITA,2002,0,Europe
773,Italy,ITA,2003,5.6,Europe
774,Italy,ITA,2004,4.1,Europe
775,Italy,ITA,2005,4.6,Europe
776,Italy,ITA,2006,4.2,Europe
777,Italy,ITA,2007,16,Europe
778,Italy,ITA,2008,27.3,Europe
779,Italy,ITA,2009,34.7,Europe
780,Luxembourg,LUX,2000,0,Europe
781,Luxembourg,LUX,2001,0,Europe
782,Luxembourg,LUX,2002,0,Europe
783,Luxembourg,LUX,2003,0,Europe
784,Luxembourg,LUX,2004,0.01,Europe
785,Luxembourg,LUX,2005,0.01,Europe
786,Luxembourg,LUX,2006,0.73,Europe
787,Luxembourg,LUX,2007,0.83,Europe
788,Luxembourg,LUX,2008,0.92,Europe
789,Luxembourg,LUX,2009,0.92,Europe
790,Macedonia,MKD,2000,0,Europe
791,Macedonia,MKD,2001,0,Europe
792,Macedonia,MKD,2002,0,Europe
793,Macedonia,MKD,2003,0,Europe
794,Macedonia,MKD,2004,0,Europe
795,Macedonia,MKD,2005,0,Europe
796,Macedonia,MKD,2006,0,Europe
797,Macedonia,MKD,2007,0.01,Europe
798,Macedonia,MKD,2008,0.01,Europe
799,Macedonia,MKD,2009,0.01,Europe
800,Malta,MLT,2000,0,Europe
801,Malta,MLT,2001,0,Europe
802,Malta,MLT,2002,0,Europe
803,Malta,MLT,2003,0,Europe
804,Malta,MLT,2004,0.016,Europe
805,Malta,MLT,2005,0.018,Europe
806,Malta,MLT,2006,0.039,Europe
807,Malta,MLT,2007,0.02,Europe
808,Malta,MLT,2008,0.01,Europe
809,Malta,MLT,2009,0.02,Europe
810,Montenegro,MNE,2000,--,Europe
811,Montenegro,MNE,2001,--,Europe
812,Montenegro,MNE,2002,--,Europe
813,Montenegro,MNE,2003,--,Europe
814,Montenegro,MNE,2004,--,Europe
815,Montenegro,MNE,2005,0,Europe
816,Montenegro,MNE,2006,0,Europe
817,Montenegro,MNE,2007,0,Europe
818,Montenegro,MNE,2008,0,Europe
819,Montenegro,MNE,2009,0,Europe
820,Netherlands,NLD,2000,0,
821,Netherlands,NLD,2001,0,
822,Netherlands,NLD,2002,0.07,
823,Netherlands,NLD,2003,0.07,
824,Netherlands,NLD,2004,0.05,
825,Netherlands,NLD,2005,1.09,
826,Netherlands,NLD,2006,7.8,
827,Netherlands,NLD,2007,7.57,
828,Netherlands,NLD,2008,9.8,
829,Netherlands,NLD,2009,6.6,
830,Norway,NOR,2000,0,Europe
831,Norway,NOR,2001,0,Europe
832,Norway,NOR,2002,0,Europe
833,Norway,NOR,2003,0.1,Europe
834,Norway,NOR,2004,0.1,Europe
835,Norway,NOR,2005,0.1,Europe
836,Norway,NOR,2006,0.68,Europe
837,Norway,NOR,2007,1.88,Europe
838,Norway,NOR,2008,2.2,Europe
839,Norway,NOR,2009,2.7,Europe
840,Poland,POL,2000,0,Europe
841,Poland,POL,2001,0,Europe
842,Poland,POL,2002,1,Europe
843,Poland,POL,2003,0.5,Europe
844,Poland,POL,2004,1.3,Europe
845,Poland,POL,2005,2.6,Europe
846,Poland,POL,2006,2.5,Europe
847,Poland,POL,2007,11,Europe
848,Poland,POL,2008,13,Europe
849,Poland,POL,2009,18,Europe
850,Portugal,PRT,2000,0,Europe
851,Portugal,PRT,2001,0,Europe
852,Portugal,PRT,2002,0,Europe
853,Portugal,PRT,2003,0,Europe
854,Portugal,PRT,2004,0.003,Europe
855,Portugal,PRT,2005,1.6,Europe
856,Portugal,PRT,2006,3,Europe
857,Portugal,PRT,2007,2.8,Europe
858,Portugal,PRT,2008,5,Europe
859,Portugal,PRT,2009,7,Europe
860,Romania,ROU,2000,0,Europe
861,Romania,ROU,2001,0,Europe
862,Romania,ROU,2002,0,Europe
863,Romania,ROU,2003,0,Europe
864,Romania,ROU,2004,0,Europe
865,Romania,ROU,2005,0.5,Europe
866,Romania,ROU,2006,0.9,Europe
867,Romania,ROU,2007,2.6,Europe
868,Romania,ROU,2008,4.7,Europe
869,Romania,ROU,2009,5.5,Europe
870,Serbia,SRB,2000,--,Europe
871,Serbia,SRB,2001,--,Europe
872,Serbia,SRB,2002,--,Europe
873,Serbia,SRB,2003,--,Europe
874,Serbia,SRB,2004,--,Europe
875,Serbia,SRB,2005,0,Europe
876,Serbia,SRB,2006,0.5,Europe
877,Serbia,SRB,2007,1,Europe
878,Serbia,SRB,2008,1.5,Europe
879,Serbia,SRB,2009,1.5,Europe
880,Slovakia,SVK,2000,0.6,Europe
881,Slovakia,SVK,2001,0.1,Europe
882,Slovakia,SVK,2002,0.04,Europe
883,Slovakia,SVK,2003,0.02,Europe
884,Slovakia,SVK,2004,0.2,Europe
885,Slovakia,SVK,2005,0.94,Europe
886,Slovakia,SVK,2006,2,Europe
887,Slovakia,SVK,2007,3.1,Europe
888,Slovakia,SVK,2008,3.7,Europe
889,Slovakia,SVK,2009,4,Europe
890,Slovenia,SVN,2000,0,Europe
891,Slovenia,SVN,2001,0,Europe
892,Slovenia,SVN,2002,0,Europe
893,Slovenia,SVN,2003,0,Europe
894,Slovenia,SVN,2004,0.11,Europe
895,Slovenia,SVN,2005,0.096,Europe
896,Slovenia,SVN,2006,0.31,Europe
897,Slovenia,SVN,2007,0.57,Europe
898,Slovenia,SVN,2008,0.68,Europe
899,Slovenia,SVN,2009,1,Europe
900,Spain,ESP,2000,1.6,Europe
901,Spain,ESP,2001,3.5,Europe
902,Spain,ESP,2002,5,Europe
903,Spain,ESP,2003,5.2,Europe
904,Spain,ESP,2004,7.2,Europe
905,Spain,ESP,2005,5.2,Europe
906,Spain,ESP,2006,9.9,Europe
907,Spain,ESP,2007,15,Europe
908,Spain,ESP,2008,25,Europe
909,Spain,ESP,2009,34,Europe
910,Sweden,SWE,2000,0.46,Europe
911,Sweden,SWE,2001,1.06,Europe
912,Sweden,SWE,2002,2.18,Europe
913,Sweden,SWE,2003,4.2,Europe
914,Sweden,SWE,2004,4.5,Europe
915,Sweden,SWE,2005,6.5,Europe
916,Sweden,SWE,2006,8.4,Europe
917,Sweden,SWE,2007,10.1,Europe
918,Sweden,SWE,2008,10,Europe
919,Sweden,SWE,2009,11,Europe
920,Switzerland,CHE,2000,0,Europe
921,Switzerland,CHE,2001,0,Europe
922,Switzerland,CHE,2002,0,Europe
923,Switzerland,CHE,2003,0.1,Europe
924,Switzerland,CHE,2004,0.12,Europe
925,Switzerland,CHE,2005,0.22,Europe
926,Switzerland,CHE,2006,0.26,Europe
927,Switzerland,CHE,2007,0.26,Europe
928,Switzerland,CHE,2008,0.13,Europe
929,Switzerland,CHE,2009,0.25,Europe
930,Turkey,TUR,2000,0,Asia
931,Turkey,TUR,2001,0,Asia
932,Turkey,TUR,2002,0,Asia
933,Turkey,TUR,2003,0,Asia
934,Turkey,TUR,2004,0.5,Asia
935,Turkey,TUR,2005,1.1,Asia
936,Turkey,TUR,2006,1,Asia
937,Turkey,TUR,2007,1.1,Asia
938,Turkey,TUR,2008,0.7,Asia
939,Turkey,TUR,2009,0.7,Asia
940,United Kingdom,GBR,2000,0,Europe
941,United Kingdom,GBR,2001,0.06,Europe
942,United Kingdom,GBR,2002,0.3,Europe
943,United Kingdom,GBR,2003,0.4,Europe
944,United Kingdom,GBR,2004,2.1,Europe
945,United Kingdom,GBR,2005,4.5,Europe
946,United Kingdom,GBR,2006,8.6,Europe
947,United Kingdom,GBR,2007,18.8,Europe
948,United Kingdom,GBR,2008,23.5,Europe
949,United Kingdom,GBR,2009,29,Europe
950,Eurasia,,2000,0,
951,Eurasia,,2001,0,
952,Eurasia,,2002,0,
953,Eurasia,,2003,0.02,
954,Eurasia,,2004,0.235,
955,Eurasia,,2005,0.594,
956,Eurasia,,2006,1.3914,
957,Eurasia,,2007,1.8886,
958,Eurasia,,2008,1.98,
959,Eurasia,,2009,2.6,
960,Armenia,ARM,2000,0,Asia
961,Armenia,ARM,2001,0,Asia
962,Armenia,ARM,2002,0,Asia
963,Armenia,ARM,2003,0,Asia
964,Armenia,ARM,2004,0,Asia
965,Armenia,ARM,2005,0,Asia
966,Armenia,ARM,2006,0,Asia
967,Armenia,ARM,2007,0,Asia
968,Armenia,ARM,2008,0,Asia
969,Armenia,ARM,2009,0,Asia
970,Azerbaijan,AZE,2000,0,Asia
971,Azerbaijan,AZE,2001,0,Asia
972,Azerbaijan,AZE,2002,0,Asia
973,Azerbaijan,AZE,2003,0,Asia
974,Azerbaijan,AZE,2004,0,Asia
975,Azerbaijan,AZE,2005,0,Asia
976,Azerbaijan,AZE,2006,0,Asia
977,Azerbaijan,AZE,2007,0,Asia
978,Azerbaijan,AZE,2008,0,Asia
979,Azerbaijan,AZE,2009,0,Asia
980,Belarus,BLR,2000,0,Europe
981,Belarus,BLR,2001,0,Europe
982,Belarus,BLR,2002,0,Europe
983,Belarus,BLR,2003,0,Europe
984,Belarus,BLR,2004,0,Europe
985,Belarus,BLR,2005,0,Europe
986,Belarus,BLR,2006,0,Europe
987,Belarus,BLR,2007,0.2,Europe
988,Belarus,BLR,2008,0.5,Europe
989,Belarus,BLR,2009,0.7,Europe
990,Estonia,EST,2000,0,Europe
991,Estonia,EST,2001,0,Europe
992,Estonia,EST,2002,0,Europe
993,Estonia,EST,2003,0,Europe
994,Estonia,EST,2004,0,Europe
995,Estonia,EST,2005,0.014,Europe
996,Estonia,EST,2006,0.0114,Europe
997,Estonia,EST,2007,0.108,Europe
998,Estonia,EST,2008,0,Europe
999,Estonia,EST,2009,0,Europe
1000,Former U.S.S.R.,,2000,--,
1001,Former U.S.S.R.,,2001,--,
1002,Former U.S.S.R.,,2002,--,
1003,Former U.S.S.R.,,2003,--,
1004,Former U.S.S.R.,,2004,--,
1005,Former U.S.S.R.,,2005,--,
1006,Former U.S.S.R.,,2006,--,
1007,Former U.S.S.R.,,2007,--,
1008,Former U.S.S.R.,,2008,--,
1009,Former U.S.S.R.,,2009,--,
1010,Georgia,GEO,2000,0,Asia
1011,Georgia,GEO,2001,0,Asia
1012,Georgia,GEO,2002,0,Asia
1013,Georgia,GEO,2003,0,Asia
1014,Georgia,GEO,2004,0,Asia
1015,Georgia,GEO,2005,0,Asia
1016,Georgia,GEO,2006,0,Asia
1017,Georgia,GEO,2007,0,Asia
1018,Georgia,GEO,2008,0,Asia
1019,Georgia,GEO,2009,0,Asia
1020,Kazakhstan,KAZ,2000,0,Asia
1021,Kazakhstan,KAZ,2001,0,Asia
1022,Kazakhstan,KAZ,2002,0,Asia
1023,Kazakhstan,KAZ,2003,0,Asia
1024,Kazakhstan,KAZ,2004,0,Asia
1025,Kazakhstan,KAZ,2005,0,Asia
1026,Kazakhstan,KAZ,2006,0,Asia
1027,Kazakhstan,KAZ,2007,0,Asia
1028,Kazakhstan,KAZ,2008,0,Asia
1029,Kazakhstan,KAZ,2009,0,Asia
1030,Kyrgyzstan,KGZ,2000,0,Asia
1031,Kyrgyzstan,KGZ,2001,0,Asia
1032,Kyrgyzstan,KGZ,2002,0,Asia
1033,Kyrgyzstan,KGZ,2003,0,Asia
1034,Kyrgyzstan,KGZ,2004,0,Asia
1035,Kyrgyzstan,KGZ,2005,0,Asia
1036,Kyrgyzstan,KGZ,2006,0,Asia
1037,Kyrgyzstan,KGZ,2007,0,Asia
1038,Kyrgyzstan,KGZ,2008,0,Asia
1039,Kyrgyzstan,KGZ,2009,0,Asia
1040,Latvia,LVA,2000,0,Europe
1041,Latvia,LVA,2001,0,Europe
1042,Latvia,LVA,2002,0,Europe
1043,Latvia,LVA,2003,0,Europe
1044,Latvia,LVA,2004,0.115,Europe
1045,Latvia,LVA,2005,0.08,Europe
1046,Latvia,LVA,2006,0.06,Europe
1047,Latvia,LVA,2007,0.0406,Europe
1048,Latvia,LVA,2008,0.18,Europe
1049,Latvia,LVA,2009,0.7,Europe
1050,Lithuania,LTU,2000,0,Europe
1051,Lithuania,LTU,2001,0,Europe
1052,Lithuania,LTU,2002,0,Europe
1053,Lithuania,LTU,2003,0.02,Europe
1054,Lithuania,LTU,2004,0.12,Europe
1055,Lithuania,LTU,2005,0.5,Europe
1056,Lithuania,LTU,2006,1.32,Europe
1057,Lithuania,LTU,2007,1.54,Europe
1058,Lithuania,LTU,2008,1.3,Europe
1059,Lithuania,LTU,2009,1.2,Europe
1060,Moldova,MDA,2000,0,Europe
1061,Moldova,MDA,2001,0,Europe
1062,Moldova,MDA,2002,0,Europe
1063,Moldova,MDA,2003,0,Europe
1064,Moldova,MDA,2004,0,Europe
1065,Moldova,MDA,2005,0,Europe
1066,Moldova,MDA,2006,0,Europe
1067,Moldova,MDA,2007,0,Europe
1068,Moldova,MDA,2008,0,Europe
1069,Moldova,MDA,2009,0,Europe
1070,Russia,RUS,2000,0,Europe
1071,Russia,RUS,2001,0,Europe
1072,Russia,RUS,2002,0,Europe
1073,Russia,RUS,2003,0,Europe
1074,Russia,RUS,2004,0,Europe
1075,Russia,RUS,2005,0,Europe
1076,Russia,RUS,2006,0,Europe
1077,Russia,RUS,2007,0,Europe
1078,Russia,RUS,2008,0,Europe
1079,Russia,RUS,2009,0,Europe
1080,Tajikistan,TJK,2000,0,Asia
1081,Tajikistan,TJK,2001,0,Asia
1082,Tajikistan,TJK,2002,0,Asia
1083,Tajikistan,TJK,2003,0,Asia
1084,Tajikistan,TJK,2004,0,Asia
1085,Tajikistan,TJK,2005,0,Asia
1086,Tajikistan,TJK,2006,0,Asia
1087,Tajikistan,TJK,2007,0,Asia
1088,Tajikistan,TJK,2008,0,Asia
1089,Tajikistan,TJK,2009,0,Asia
1090,Turkmenistan,TKM,2000,0,Asia
1091,Turkmenistan,TKM,2001,0,Asia
1092,Turkmenistan,TKM,2002,0,Asia
1093,Turkmenistan,TKM,2003,0,Asia
1094,Turkmenistan,TKM,2004,0,Asia
1095,Turkmenistan,TKM,2005,0,Asia
1096,Turkmenistan,TKM,2006,0,Asia
1097,Turkmenistan,TKM,2007,0,Asia
1098,Turkmenistan,TKM,2008,0,Asia
1099,Turkmenistan,TKM,2009,0,Asia
1100,Ukraine,UKR,2000,0,Europe
1101,Ukraine,UKR,2001,0,Europe
1102,Ukraine,UKR,2002,0,Europe
1103,Ukraine,UKR,2003,0,Europe
1104,Ukraine,UKR,2004,0,Europe
1105,Ukraine,UKR,2005,0,Europe
1106,Ukraine,UKR,2006,0,Europe
1107,Ukraine,UKR,2007,0,Europe
1108,Ukraine,UKR,2008,0,Europe
1109,Ukraine,UKR,2009,0,Europe
1110,Uzbekistan,UZB,2000,0,Asia
1111,Uzbekistan,UZB,2001,0,Asia
1112,Uzbekistan,UZB,2002,0,Asia
1113,Uzbekistan,UZB,2003,0,Asia
1114,Uzbekistan,UZB,2004,0,Asia
1115,Uzbekistan,UZB,2005,0,Asia
1116,Uzbekistan,UZB,2006,0,Asia
1117,Uzbekistan,UZB,2007,0,Asia
1118,Uzbekistan,UZB,2008,0,Asia
1119,Uzbekistan,UZB,2009,0,Asia
1120,Middle East,,2000,0,
1121,Middle East,,2001,0,
1122,Middle East,,2002,0,
1123,Middle East,,2003,0,
1124,Middle East,,2004,0,
1125,Middle East,,2005,0,
1126,Middle East,,2006,0.1,
1127,Middle East,,2007,0.1,
1128,Middle East,,2008,0.1,
1129,Middle East,,2009,0.1,
1130,Bahrain,BHR,2000,0,Asia
1131,Bahrain,BHR,2001,0,Asia
1132,Bahrain,BHR,2002,0,Asia
1133,Bahrain,BHR,2003,0,Asia
1134,Bahrain,BHR,2004,0,Asia
1135,Bahrain,BHR,2005,0,Asia
1136,Bahrain,BHR,2006,0,Asia
1137,Bahrain,BHR,2007,0,Asia
1138,Bahrain,BHR,2008,0,Asia
1139,Bahrain,BHR,2009,0,Asia
1140,Iran,IRN,2000,0,Asia
1141,Iran,IRN,2001,0,Asia
1142,Iran,IRN,2002,0,Asia
1143,Iran,IRN,2003,0,Asia
1144,Iran,IRN,2004,0,Asia
1145,Iran,IRN,2005,0,Asia
1146,Iran,IRN,2006,0,Asia
1147,Iran,IRN,2007,0,Asia
1148,Iran,IRN,2008,0,Asia
1149,Iran,IRN,2009,0,Asia
1150,Iraq,IRQ,2000,0,Asia
1151,Iraq,IRQ,2001,0,Asia
1152,Iraq,IRQ,2002,0,Asia
1153,Iraq,IRQ,2003,0,Asia
1154,Iraq,IRQ,2004,0,Asia
1155,Iraq,IRQ,2005,0,Asia
1156,Iraq,IRQ,2006,0,Asia
1157,Iraq,IRQ,2007,0,Asia
1158,Iraq,IRQ,2008,0,Asia
1159,Iraq,IRQ,2009,0,Asia
1160,Israel,ISR,2000,0,Asia
1161,Israel,ISR,2001,0,Asia
1162,Israel,ISR,2002,0,Asia
1163,Israel,ISR,2003,0,Asia
1164,Israel,ISR,2004,0,Asia
1165,Israel,ISR,2005,0,Asia
1166,Israel,ISR,2006,0.1,Asia
1167,Israel,ISR,2007,0.1,Asia
1168,Israel,ISR,2008,0.1,Asia
1169,Israel,ISR,2009,0.1,Asia
1170,Jordan,JOR,2000,0,Asia
1171,Jordan,JOR,2001,0,Asia
1172,Jordan,JOR,2002,0,Asia
1173,Jordan,JOR,2003,0,Asia
1174,Jordan,JOR,2004,0,Asia
1175,Jordan,JOR,2005,0,Asia
1176,Jordan,JOR,2006,0,Asia
1177,Jordan,JOR,2007,0,Asia
1178,Jordan,JOR,2008,0,Asia
1179,Jordan,JOR,2009,0,Asia
1180,Kuwait,KWT,2000,0,Asia
1181,Kuwait,KWT,2001,0,Asia
1182,Kuwait,KWT,2002,0,Asia
1183,Kuwait,KWT,2003,0,Asia
1184,Kuwait,KWT,2004,0,Asia
1185,Kuwait,KWT,2005,0,Asia
1186,Kuwait,KWT,2006,0,Asia
1187,Kuwait,KWT,2007,0,Asia
1188,Kuwait,KWT,2008,0,Asia
1189,Kuwait,KWT,2009,0,Asia
1190,Lebanon,LBN,2000,0,Asia
1191,Lebanon,LBN,2001,0,Asia
1192,Lebanon,LBN,2002,0,Asia
1193,Lebanon,LBN,2003,0,Asia
1194,Lebanon,LBN,2004,0,Asia
1195,Lebanon,LBN,2005,0,Asia
1196,Lebanon,LBN,2006,0,Asia
1197,Lebanon,LBN,2007,0,Asia
1198,Lebanon,LBN,2008,0,Asia
1199,Lebanon,LBN,2009,0,Asia
1200,Oman,OMN,2000,0,Asia
1201,Oman,OMN,2001,0,Asia
1202,Oman,OMN,2002,0,Asia
1203,Oman,OMN,2003,0,Asia
1204,Oman,OMN,2004,0,Asia
1205,Oman,OMN,2005,0,Asia
1206,Oman,OMN,2006,0,Asia
1207,Oman,OMN,2007,0,Asia
1208,Oman,OMN,2008,0,Asia
1209,Oman,OMN,2009,0,Asia
1210,Palestine,PSE,2000,0,
1211,Palestine,PSE,2001,0,
1212,Palestine,PSE,2002,0,
1213,Palestine,PSE,2003,0,
1214,Palestine,PSE,2004,0,
1215,Palestine,PSE,2005,0,
1216,Palestine,PSE,2006,0,
1217,Palestine,PSE,2007,0,
1218,Palestine,PSE,2008,0,
1219,Palestine,PSE,2009,0,
1220,Qatar,QAT,2000,0,Asia
1221,Qatar,QAT,2001,0,Asia
1222,Qatar,QAT,2002,0,Asia
1223,Qatar,QAT,2003,0,Asia
1224,Qatar,QAT,2004,0,Asia
1225,Qatar,QAT,2005,0,Asia
1226,Qatar,QAT,2006,0,Asia
1227,Qatar,QAT,2007,0,Asia
1228,Qatar,QAT,2008,0,Asia
1229,Qatar,QAT,2009,0,Asia
1230,Saudi Arabia,SAU,2000,0,Asia
1231,Saudi Arabia,SAU,2001,0,Asia
1232,Saudi Arabia,SAU,2002,0,Asia
1233,Saudi Arabia,SAU,2003,0,Asia
1234,Saudi Arabia,SAU,2004,0,Asia
1235,Saudi Arabia,SAU,2005,0,Asia
1236,Saudi Arabia,SAU,2006,0,Asia
1237,Saudi Arabia,SAU,2007,0,Asia
1238,Saudi Arabia,SAU,2008,0,Asia
1239,Saudi Arabia,SAU,2009,0,Asia
1240,Syria,SYR,2000,0,Asia
1241,Syria,SYR,2001,0,Asia
1242,Syria,SYR,2002,0,Asia
1243,Syria,SYR,2003,0,Asia
1244,Syria,SYR,2004,0,Asia
1245,Syria,SYR,2005,0,Asia
1246,Syria,SYR,2006,0,Asia
1247,Syria,SYR,2007,0,Asia
1248,Syria,SYR,2008,0,Asia
1249,Syria,SYR,2009,0,Asia
1250,United Arab Emirates,ARE,2000,0,Asia
1251,United Arab Emirates,ARE,2001,0,Asia
1252,United Arab Emirates,ARE,2002,0,Asia
1253,United Arab Emirates,ARE,2003,0,Asia
1254,United Arab Emirates,ARE,2004,0,Asia
1255,United Arab Emirates,ARE,2005,0,Asia
1256,United Arab Emirates,ARE,2006,0,Asia
1257,United Arab Emirates,ARE,2007,0,Asia
1258,United Arab Emirates,ARE,2008,0,Asia
1259,United Arab Emirates,ARE,2009,0,Asia
1260,Yemen,YEM,2000,0,Asia
1261,Yemen,YEM,2001,0,Asia
1262,Yemen,YEM,2002,0,Asia
1263,Yemen,YEM,2003,0,Asia
1264,Yemen,YEM,2004,0,Asia
1265,Yemen,YEM,2005,0,Asia
1266,Yemen,YEM,2006,0,Asia
1267,Yemen,YEM,2007,0,Asia
1268,Yemen,YEM,2008,0,Asia
1269,Yemen,YEM,2009,0,Asia
1270,Africa,,2000,0.2,
1271,Africa,,2001,0.2,
1272,Africa,,2002,0.2,
1273,Africa,,2003,0.2,
1274,Africa,,2004,0.1,
1275,Africa,,2005,0.1,
1276,Africa,,2006,0.4,
1277,Africa,,2007,0.635,
1278,Africa,,2008,0.15,
1279,Africa,,2009,0.2,
1280,Algeria,DZA,2000,0,Africa
1281,Algeria,DZA,2001,0,Africa
1282,Algeria,DZA,2002,0,Africa
1283,Algeria,DZA,2003,0,Africa
1284,Algeria,DZA,2004,0,Africa
1285,Algeria,DZA,2005,0,Africa
1286,Algeria,DZA,2006,0,Africa
1287,Algeria,DZA,2007,0,Africa
1288,Algeria,DZA,2008,0,Africa
1289,Algeria,DZA,2009,0,Africa
1290,Angola,AGO,2000,0,Africa
1291,Angola,AGO,2001,0,Africa
1292,Angola,AGO,2002,0,Africa
1293,Angola,AGO,2003,0,Africa
1294,Angola,AGO,2004,0,Africa
1295,Angola,AGO,2005,0,Africa
1296,Angola,AGO,2006,0,Africa
1297,Angola,AGO,2007,0,Africa
1298,Angola,AGO,2008,0,Africa
1299,Angola,AGO,2009,0,Africa
1300,Benin,BEN,2000,0,Africa
1301,Benin,BEN,2001,0,Africa
1302,Benin,BEN,2002,0,Africa
1303,Benin,BEN,2003,0,Africa
1304,Benin,BEN,2004,0,Africa
1305,Benin,BEN,2005,0,Africa
1306,Benin,BEN,2006,0,Africa
1307,Benin,BEN,2007,0,Africa
1308,Benin,BEN,2008,0,Africa
1309,Benin,BEN,2009,0,Africa
1310,Botswana,BWA,2000,0,Africa
1311,Botswana,BWA,2001,0,Africa
1312,Botswana,BWA,2002,0,Africa
1313,Botswana,BWA,2003,0,Africa
1314,Botswana,BWA,2004,0,Africa
1315,Botswana,BWA,2005,0,Africa
1316,Botswana,BWA,2006,0,Africa
1317,Botswana,BWA,2007,0,Africa
1318,Botswana,BWA,2008,0,Africa
1319,Botswana,BWA,2009,0,Africa
1320,Burkina Faso,BFA,2000,0,Africa
1321,Burkina Faso,BFA,2001,0,Africa
1322,Burkina Faso,BFA,2002,0,Africa
1323,Burkina Faso,BFA,2003,0,Africa
1324,Burkina Faso,BFA,2004,0,Africa
1325,Burkina Faso,BFA,2005,0,Africa
1326,Burkina Faso,BFA,2006,0,Africa
1327,Burkina Faso,BFA,2007,0,Africa
1328,Burkina Faso,BFA,2008,0,Africa
1329,Burkina Faso,BFA,2009,0,Africa
1330,Burundi,BDI,2000,0,Africa
1331,Burundi,BDI,2001,0,Africa
1332,Burundi,BDI,2002,0,Africa
1333,Burundi,BDI,2003,0,Africa
1334,Burundi,BDI,2004,0,Africa
1335,Burundi,BDI,2005,0,Africa
1336,Burundi,BDI,2006,0,Africa
1337,Burundi,BDI,2007,0,Africa
1338,Burundi,BDI,2008,0,Africa
1339,Burundi,BDI,2009,0,Africa
1340,Cameroon,CMR,2000,0,Africa
1341,Cameroon,CMR,2001,0,Africa
1342,Cameroon,CMR,2002,0,Africa
1343,Cameroon,CMR,2003,0,Africa
1344,Cameroon,CMR,2004,0,Africa
1345,Cameroon,CMR,2005,0,Africa
1346,Cameroon,CMR,2006,0,Africa
1347,Cameroon,CMR,2007,0,Africa
1348,Cameroon,CMR,2008,0,Africa
1349,Cameroon,CMR,2009,0,Africa
1350,Cape Verde,CPV,2000,0,Africa
1351,Cape Verde,CPV,2001,0,Africa
1352,Cape Verde,CPV,2002,0,Africa
1353,Cape Verde,CPV,2003,0,Africa
1354,Cape Verde,CPV,2004,0,Africa
1355,Cape Verde,CPV,2005,0,Africa
1356,Cape Verde,CPV,2006,0,Africa
1357,Cape Verde,CPV,2007,0,Africa
1358,Cape Verde,CPV,2008,0,Africa
1359,Cape Verde,CPV,2009,0,Africa
1360,Central African Republic,CAF,2000,0,Africa
1361,Central African Republic,CAF,2001,0,Africa
1362,Central African Republic,CAF,2002,0,Africa
1363,Central African Republic,CAF,2003,0,Africa
1364,Central African Republic,CAF,2004,0,Africa
1365,Central African Republic,CAF,2005,0,Africa
1366,Central African Republic,CAF,2006,0,Africa
1367,Central African Republic,CAF,2007,0,Africa
1368,Central African Republic,CAF,2008,0,Africa
1369,Central African Republic,CAF,2009,0,Africa
1370,Chad,TCD,2000,0,Africa
1371,Chad,TCD,2001,0,Africa
1372,Chad,TCD,2002,0,Africa
1373,Chad,TCD,2003,0,Africa
1374,Chad,TCD,2004,0,Africa
1375,Chad,TCD,2005,0,Africa
1376,Chad,TCD,2006,0,Africa
1377,Chad,TCD,2007,0,Africa
1378,Chad,TCD,2008,0,Africa
1379,Chad,TCD,2009,0,Africa
1380,Comoros,COM,2000,0,Africa
1381,Comoros,COM,2001,0,Africa
1382,Comoros,COM,2002,0,Africa
1383,Comoros,COM,2003,0,Africa
1384,Comoros,COM,2004,0,Africa
1385,Comoros,COM,2005,0,Africa
1386,Comoros,COM,2006,0,Africa
1387,Comoros,COM,2007,0,Africa
1388,Comoros,COM,2008,0,Africa
1389,Comoros,COM,2009,0,Africa
1390,Congo (Brazzaville),,2000,0,
1391,Congo (Brazzaville),,2001,0,
1392,Congo (Brazzaville),,2002,0,
1393,Congo (Brazzaville),,2003,0,
1394,Congo (Brazzaville),,2004,0,
1395,Congo (Brazzaville),,2005,0,
1396,Congo (Brazzaville),,2006,0,
1397,Congo (Brazzaville),,2007,0,
1398,Congo (Brazzaville),,2008,0,
1399,Congo (Brazzaville),,2009,0,
1400,Congo (Kinshasa),,2000,0,
1401,Congo (Kinshasa),,2001,0,
1402,Congo (Kinshasa),,2002,0,
1403,Congo (Kinshasa),,2003,0,
1404,Congo (Kinshasa),,2004,0,
1405,Congo (Kinshasa),,2005,0,
1406,Congo (Kinshasa),,2006,0,
1407,Congo (Kinshasa),,2007,0,
1408,Congo (Kinshasa),,2008,0,
1409,Congo (Kinshasa),,2009,0,
1410,Cote dIvoire (IvoryCoast),,2000,0,
1411,Cote dIvoire (IvoryCoast),,2001,0,
1412,Cote dIvoire (IvoryCoast),,2002,0,
1413,Cote dIvoire (IvoryCoast),,2003,0,
1414,Cote dIvoire (IvoryCoast),,2004,0,
1415,Cote dIvoire (IvoryCoast),,2005,0,
1416,Cote dIvoire (IvoryCoast),,2006,0,
1417,Cote dIvoire (IvoryCoast),,2007,0,
1418,Cote dIvoire (IvoryCoast),,2008,0,
1419,Cote dIvoire (IvoryCoast),,2009,0,
1420,Djibouti,DJI,2000,0,Africa
1421,Djibouti,DJI,2001,0,Africa
1422,Djibouti,DJI,2002,0,Africa
1423,Djibouti,DJI,2003,0,Africa
1424,Djibouti,DJI,2004,0,Africa
1425,Djibouti,DJI,2005,0,Africa
1426,Djibouti,DJI,2006,0,Africa
1427,Djibouti,DJI,2007,0,Africa
1428,Djibouti,DJI,2008,0,Africa
1429,Djibouti,DJI,2009,0,Africa
1430,Egypt,EGY,2000,0,Africa
1431,Egypt,EGY,2001,0,Africa
1432,Egypt,EGY,2002,0,Africa
1433,Egypt,EGY,2003,0,Africa
1434,Egypt,EGY,2004,0,Africa
1435,Egypt,EGY,2005,0,Africa
1436,Egypt,EGY,2006,0,Africa
1437,Egypt,EGY,2007,0,Africa
1438,Egypt,EGY,2008,0,Africa
1439,Egypt,EGY,2009,0,Africa
1440,Equatorial Guinea,GNQ,2000,0,Africa
1441,Equatorial Guinea,GNQ,2001,0,Africa
1442,Equatorial Guinea,GNQ,2002,0,Africa
1443,Equatorial Guinea,GNQ,2003,0,Africa
1444,Equatorial Guinea,GNQ,2004,0,Africa
1445,Equatorial Guinea,GNQ,2005,0,Africa
1446,Equatorial Guinea,GNQ,2006,0,Africa
1447,Equatorial Guinea,GNQ,2007,0,Africa
1448,Equatorial Guinea,GNQ,2008,0,Africa
1449,Equatorial Guinea,GNQ,2009,0,Africa
1450,Eritrea,ERI,2000,0,Africa
1451,Eritrea,ERI,2001,0,Africa
1452,Eritrea,ERI,2002,0,Africa
1453,Eritrea,ERI,2003,0,Africa
1454,Eritrea,ERI,2004,0,Africa
1455,Eritrea,ERI,2005,0,Africa
1456,Eritrea,ERI,2006,0,Africa
1457,Eritrea,ERI,2007,0,Africa
1458,Eritrea,ERI,2008,0,Africa
1459,Eritrea,ERI,2009,0,Africa
1460,Ethiopia,ETH,2000,0,Africa
1461,Ethiopia,ETH,2001,0,Africa
1462,Ethiopia,ETH,2002,0,Africa
1463,Ethiopia,ETH,2003,0,Africa
1464,Ethiopia,ETH,2004,0,Africa
1465,Ethiopia,ETH,2005,0,Africa
1466,Ethiopia,ETH,2006,0,Africa
1467,Ethiopia,ETH,2007,0.03,Africa
1468,Ethiopia,ETH,2008,0.03,Africa
1469,Ethiopia,ETH,2009,0.05,Africa
1470,Gabon,GAB,2000,0,Africa
1471,Gabon,GAB,2001,0,Africa
1472,Gabon,GAB,2002,0,Africa
1473,Gabon,GAB,2003,0,Africa
1474,Gabon,GAB,2004,0,Africa
1475,Gabon,GAB,2005,0,Africa
1476,Gabon,GAB,2006,0,Africa
1477,Gabon,GAB,2007,0,Africa
1478,Gabon,GAB,2008,0,Africa
1479,Gabon,GAB,2009,0,Africa
1480,Gambia,GMB,2000,0,
1481,Gambia,GMB,2001,0,
1482,Gambia,GMB,2002,0,
1483,Gambia,GMB,2003,0,
1484,Gambia,GMB,2004,0,
1485,Gambia,GMB,2005,0,
1486,Gambia,GMB,2006,0,
1487,Gambia,GMB,2007,0,
1488,Gambia,GMB,2008,0,
1489,Gambia,GMB,2009,0,
1490,Ghana,GHA,2000,0,Africa
1491,Ghana,GHA,2001,0,Africa
1492,Ghana,GHA,2002,0,Africa
1493,Ghana,GHA,2003,0,Africa
1494,Ghana,GHA,2004,0,Africa
1495,Ghana,GHA,2005,0,Africa
1496,Ghana,GHA,2006,0,Africa
1497,Ghana,GHA,2007,0,Africa
1498,Ghana,GHA,2008,0,Africa
1499,Ghana,GHA,2009,0,Africa
1500,Guinea,GIN,2000,0,Africa
1501,Guinea,GIN,2001,0,Africa
1502,Guinea,GIN,2002,0,Africa
1503,Guinea,GIN,2003,0,Africa
1504,Guinea,GIN,2004,0,Africa
1505,Guinea,GIN,2005,0,Africa
1506,Guinea,GIN,2006,0,Africa
1507,Guinea,GIN,2007,0,Africa
1508,Guinea,GIN,2008,0,Africa
1509,Guinea,GIN,2009,0,Africa
1510,Guinea-Bissau,GNB,2000,0,Africa
1511,Guinea-Bissau,GNB,2001,0,Africa
1512,Guinea-Bissau,GNB,2002,0,Africa
1513,Guinea-Bissau,GNB,2003,0,Africa
1514,Guinea-Bissau,GNB,2004,0,Africa
1515,Guinea-Bissau,GNB,2005,0,Africa
1516,Guinea-Bissau,GNB,2006,0,Africa
1517,Guinea-Bissau,GNB,2007,0,Africa
1518,Guinea-Bissau,GNB,2008,0,Africa
1519,Guinea-Bissau,GNB,2009,0,Africa
1520,Kenya,KEN,2000,0,Africa
1521,Kenya,KEN,2001,0,Africa
1522,Kenya,KEN,2002,0,Africa
1523,Kenya,KEN,2003,0,Africa
1524,Kenya,KEN,2004,0,Africa
1525,Kenya,KEN,2005,0,Africa
1526,Kenya,KEN,2006,0,Africa
1527,Kenya,KEN,2007,0,Africa
1528,Kenya,KEN,2008,0,Africa
1529,Kenya,KEN,2009,0,Africa
1530,Lesotho,LSO,2000,0,Africa
1531,Lesotho,LSO,2001,0,Africa
1532,Lesotho,LSO,2002,0,Africa
1533,Lesotho,LSO,2003,0,Africa
1534,Lesotho,LSO,2004,0,Africa
1535,Lesotho,LSO,2005,0,Africa
1536,Lesotho,LSO,2006,0,Africa
1537,Lesotho,LSO,2007,0,Africa
1538,Lesotho,LSO,2008,0,Africa
1539,Lesotho,LSO,2009,0,Africa
1540,Liberia,LBR,2000,0,Africa
1541,Liberia,LBR,2001,0,Africa
1542,Liberia,LBR,2002,0,Africa
1543,Liberia,LBR,2003,0,Africa
1544,Liberia,LBR,2004,0,Africa
1545,Liberia,LBR,2005,0,Africa
1546,Liberia,LBR,2006,0,Africa
1547,Liberia,LBR,2007,0,Africa
1548,Liberia,LBR,2008,0,Africa
1549,Liberia,LBR,2009,0,Africa
1550,Libya,LBY,2000,0,Africa
1551,Libya,LBY,2001,0,Africa
1552,Libya,LBY,2002,0,Africa
1553,Libya,LBY,2003,0,Africa
1554,Libya,LBY,2004,0,Africa
1555,Libya,LBY,2005,0,Africa
1556,Libya,LBY,2006,0,Africa
1557,Libya,LBY,2007,0,Africa
1558,Libya,LBY,2008,0,Africa
1559,Libya,LBY,2009,0,Africa
1560,Madagascar,MDG,2000,0,Africa
1561,Madagascar,MDG,2001,0,Africa
1562,Madagascar,MDG,2002,0,Africa
1563,Madagascar,MDG,2003,0,Africa
1564,Madagascar,MDG,2004,0,Africa
1565,Madagascar,MDG,2005,0,Africa
1566,Madagascar,MDG,2006,0,Africa
1567,Madagascar,MDG,2007,0,Africa
1568,Madagascar,MDG,2008,0,Africa
1569,Madagascar,MDG,2009,0,Africa
1570,Malawi,MWI,2000,0.2,Africa
1571,Malawi,MWI,2001,0.2,Africa
1572,Malawi,MWI,2002,0.2,Africa
1573,Malawi,MWI,2003,0.2,Africa
1574,Malawi,MWI,2004,0.1,Africa
1575,Malawi,MWI,2005,0.1,Africa
1576,Malawi,MWI,2006,0.1,Africa
1577,Malawi,MWI,2007,0.1,Africa
1578,Malawi,MWI,2008,0.1,Africa
1579,Malawi,MWI,2009,0.1,Africa
1580,Mali,MLI,2000,0,Africa
1581,Mali,MLI,2001,0,Africa
1582,Mali,MLI,2002,0,Africa
1583,Mali,MLI,2003,0,Africa
1584,Mali,MLI,2004,0,Africa
1585,Mali,MLI,2005,0,Africa
1586,Mali,MLI,2006,0,Africa
1587,Mali,MLI,2007,0,Africa
1588,Mali,MLI,2008,0,Africa
1589,Mali,MLI,2009,0,Africa
1590,Mauritania,MRT,2000,0,Africa
1591,Mauritania,MRT,2001,0,Africa
1592,Mauritania,MRT,2002,0,Africa
1593,Mauritania,MRT,2003,0,Africa
1594,Mauritania,MRT,2004,0,Africa
1595,Mauritania,MRT,2005,0,Africa
1596,Mauritania,MRT,2006,0,Africa
1597,Mauritania,MRT,2007,0,Africa
1598,Mauritania,MRT,2008,0,Africa
1599,Mauritania,MRT,2009,0,Africa
1600,Mauritius,MUS,2000,0,Africa
1601,Mauritius,MUS,2001,0,Africa
1602,Mauritius,MUS,2002,0,Africa
1603,Mauritius,MUS,2003,0,Africa
1604,Mauritius,MUS,2004,0,Africa
1605,Mauritius,MUS,2005,0,Africa
1606,Mauritius,MUS,2006,0,Africa
1607,Mauritius,MUS,2007,0,Africa
1608,Mauritius,MUS,2008,0,Africa
1609,Mauritius,MUS,2009,0,Africa
1610,Morocco,MAR,2000,0,Africa
1611,Morocco,MAR,2001,0,Africa
1612,Morocco,MAR,2002,0,Africa
1613,Morocco,MAR,2003,0,Africa
1614,Morocco,MAR,2004,0,Africa
1615,Morocco,MAR,2005,0,Africa
1616,Morocco,MAR,2006,0,Africa
1617,Morocco,MAR,2007,0,Africa
1618,Morocco,MAR,2008,0,Africa
1619,Morocco,MAR,2009,0,Africa
1620,Mozambique,MOZ,2000,0,Africa
1621,Mozambique,MOZ,2001,0,Africa
1622,Mozambique,MOZ,2002,0,Africa
1623,Mozambique,MOZ,2003,0,Africa
1624,Mozambique,MOZ,2004,0,Africa
1625,Mozambique,MOZ,2005,0,Africa
1626,Mozambique,MOZ,2006,0,Africa
1627,Mozambique,MOZ,2007,0,Africa
1628,Mozambique,MOZ,2008,0,Africa
1629,Mozambique,MOZ,2009,0,Africa
1630,Namibia,NAM,2000,0,Africa
1631,Namibia,NAM,2001,0,Africa
1632,Namibia,NAM,2002,0,Africa
1633,Namibia,NAM,2003,0,Africa
1634,Namibia,NAM,2004,0,Africa
1635,Namibia,NAM,2005,0,Africa
1636,Namibia,NAM,2006,0,Africa
1637,Namibia,NAM,2007,0,Africa
1638,Namibia,NAM,2008,0,Africa
1639,Namibia,NAM,2009,0,Africa
1640,Niger,NER,2000,0,Africa
1641,Niger,NER,2001,0,Africa
1642,Niger,NER,2002,0,Africa
1643,Niger,NER,2003,0,Africa
1644,Niger,NER,2004,0,Africa
1645,Niger,NER,2005,0,Africa
1646,Niger,NER,2006,0,Africa
1647,Niger,NER,2007,0,Africa
1648,Niger,NER,2008,0,Africa
1649,Niger,NER,2009,0,Africa
1650,Nigeria,NGA,2000,0,Africa
1651,Nigeria,NGA,2001,0,Africa
1652,Nigeria,NGA,2002,0,Africa
1653,Nigeria,NGA,2003,0,Africa
1654,Nigeria,NGA,2004,0,Africa
1655,Nigeria,NGA,2005,0,Africa
1656,Nigeria,NGA,2006,0.3,Africa
1657,Nigeria,NGA,2007,0.5,Africa
1658,Nigeria,NGA,2008,0,Africa
1659,Nigeria,NGA,2009,0,Africa
1660,Reunion,REU,2000,0,
1661,Reunion,REU,2001,0,
1662,Reunion,REU,2002,0,
1663,Reunion,REU,2003,0,
1664,Reunion,REU,2004,0,
1665,Reunion,REU,2005,0,
1666,Reunion,REU,2006,0,
1667,Reunion,REU,2007,0,
1668,Reunion,REU,2008,0,
1669,Reunion,REU,2009,0,
1670,Rwanda,RWA,2000,0,Africa
1671,Rwanda,RWA,2001,0,Africa
1672,Rwanda,RWA,2002,0,Africa
1673,Rwanda,RWA,2003,0,Africa
1674,Rwanda,RWA,2004,0,Africa
1675,Rwanda,RWA,2005,0,Africa
1676,Rwanda,RWA,2006,0,Africa
1677,Rwanda,RWA,2007,0,Africa
1678,Rwanda,RWA,2008,0,Africa
1679,Rwanda,RWA,2009,0.01,Africa
1680,Saint Helena,SHN,2000,0,
1681,Saint Helena,SHN,2001,0,
1682,Saint Helena,SHN,2002,0,
1683,Saint Helena,SHN,2003,0,
1684,Saint Helena,SHN,2004,0,
1685,Saint Helena,SHN,2005,0,
1686,Saint Helena,SHN,2006,0,
1687,Saint Helena,SHN,2007,0,
1688,Saint Helena,SHN,2008,0,
1689,Saint Helena,SHN,2009,0,
1690,Sao Tome and Principe,STP,2000,0,
1691,Sao Tome and Principe,STP,2001,0,
1692,Sao Tome and Principe,STP,2002,0,
1693,Sao Tome and Principe,STP,2003,0,
1694,Sao Tome and Principe,STP,2004,0,
1695,Sao Tome and Principe,STP,2005,0,
1696,Sao Tome and Principe,STP,2006,0,
1697,Sao Tome and Principe,STP,2007,0,
1698,Sao Tome and Principe,STP,2008,0,
1699,Sao Tome and Principe,STP,2009,0,
1700,Senegal,SEN,2000,0,Africa
1701,Senegal,SEN,2001,0,Africa
1702,Senegal,SEN,2002,0,Africa
1703,Senegal,SEN,2003,0,Africa
1704,Senegal,SEN,2004,0,Africa
1705,Senegal,SEN,2005,0,Africa
1706,Senegal,SEN,2006,0,Africa
1707,Senegal,SEN,2007,0,Africa
1708,Senegal,SEN,2008,0,Africa
1709,Senegal,SEN,2009,0,Africa
1710,Seychelles,SYC,2000,0,Africa
1711,Seychelles,SYC,2001,0,Africa
1712,Seychelles,SYC,2002,0,Africa
1713,Seychelles,SYC,2003,0,Africa
1714,Seychelles,SYC,2004,0,Africa
1715,Seychelles,SYC,2005,0,Africa
1716,Seychelles,SYC,2006,0,Africa
1717,Seychelles,SYC,2007,0,Africa
1718,Seychelles,SYC,2008,0,Africa
1719,Seychelles,SYC,2009,0,Africa
1720,Sierra Leone,SLE,2000,0,Africa
1721,Sierra Leone,SLE,2001,0,Africa
1722,Sierra Leone,SLE,2002,0,Africa
1723,Sierra Leone,SLE,2003,0,Africa
1724,Sierra Leone,SLE,2004,0,Africa
1725,Sierra Leone,SLE,2005,0,Africa
1726,Sierra Leone,SLE,2006,0,Africa
1727,Sierra Leone,SLE,2007,0,Africa
1728,Sierra Leone,SLE,2008,0,Africa
1729,Sierra Leone,SLE,2009,0,Africa
1730,Somalia,SOM,2000,0,Africa
1731,Somalia,SOM,2001,0,Africa
1732,Somalia,SOM,2002,0,Africa
1733,Somalia,SOM,2003,0,Africa
1734,Somalia,SOM,2004,0,Africa
1735,Somalia,SOM,2005,0,Africa
1736,Somalia,SOM,2006,0,Africa
1737,Somalia,SOM,2007,0,Africa
1738,Somalia,SOM,2008,0,Africa
1739,Somalia,SOM,2009,0,Africa
1740,South Africa,ZAF,2000,0,Africa
1741,South Africa,ZAF,2001,0,Africa
1742,South Africa,ZAF,2002,0,Africa
1743,South Africa,ZAF,2003,0,Africa
1744,South Africa,ZAF,2004,0,Africa
1745,South Africa,ZAF,2005,0,Africa
1746,South Africa,ZAF,2006,0,Africa
1747,South Africa,ZAF,2007,0.005,Africa
1748,South Africa,ZAF,2008,0.01,Africa
1749,South Africa,ZAF,2009,0.03,Africa
1750,Sudan,SDN,2000,0,Africa
1751,Sudan,SDN,2001,0,Africa
1752,Sudan,SDN,2002,0,Africa
1753,Sudan,SDN,2003,0,Africa
1754,Sudan,SDN,2004,0,Africa
1755,Sudan,SDN,2005,0,Africa
1756,Sudan,SDN,2006,0,Africa
1757,Sudan,SDN,2007,0,Africa
1758,Sudan,SDN,2008,0,Africa
1759,Sudan,SDN,2009,0,Africa
1760,Swaziland,SWZ,2000,0,Africa
1761,Swaziland,SWZ,2001,0,Africa
1762,Swaziland,SWZ,2002,0,Africa
1763,Swaziland,SWZ,2003,0,Africa
1764,Swaziland,SWZ,2004,0,Africa
1765,Swaziland,SWZ,2005,0,Africa
1766,Swaziland,SWZ,2006,0,Africa
1767,Swaziland,SWZ,2007,0,Africa
1768,Swaziland,SWZ,2008,0,Africa
1769,Swaziland,SWZ,2009,0,Africa
1770,Tanzania,TZA,2000,0,Africa
1771,Tanzania,TZA,2001,0,Africa
1772,Tanzania,TZA,2002,0,Africa
1773,Tanzania,TZA,2003,0,Africa
1774,Tanzania,TZA,2004,0,Africa
1775,Tanzania,TZA,2005,0,Africa
1776,Tanzania,TZA,2006,0,Africa
1777,Tanzania,TZA,2007,0,Africa
1778,Tanzania,TZA,2008,0.01,Africa
1779,Tanzania,TZA,2009,0.01,Africa
1780,Togo,TGO,2000,0,Africa
1781,Togo,TGO,2001,0,Africa
1782,Togo,TGO,2002,0,Africa
1783,Togo,TGO,2003,0,Africa
1784,Togo,TGO,2004,0,Africa
1785,Togo,TGO,2005,0,Africa
1786,Togo,TGO,2006,0,Africa
1787,Togo,TGO,2007,0,Africa
1788,Togo,TGO,2008,0,Africa
1789,Togo,TGO,2009,0,Africa
1790,Tunisia,TUN,2000,0,Africa
1791,Tunisia,TUN,2001,0,Africa
1792,Tunisia,TUN,2002,0,Africa
1793,Tunisia,TUN,2003,0,Africa
1794,Tunisia,TUN,2004,0,Africa
1795,Tunisia,TUN,2005,0,Africa
1796,Tunisia,TUN,2006,0,Africa
1797,Tunisia,TUN,2007,0,Africa
1798,Tunisia,TUN,2008,0,Africa
1799,Tunisia,TUN,2009,0,Africa
1800,Uganda,UGA,2000,0,Africa
1801,Uganda,UGA,2001,0,Africa
1802,Uganda,UGA,2002,0,Africa
1803,Uganda,UGA,2003,0,Africa
1804,Uganda,UGA,2004,0,Africa
1805,Uganda,UGA,2005,0,Africa
1806,Uganda,UGA,2006,0,Africa
1807,Uganda,UGA,2007,0,Africa
1808,Uganda,UGA,2008,0,Africa
1809,Uganda,UGA,2009,0,Africa
1810,Western Sahara,,2000,0,
1811,Western Sahara,,2001,0,
1812,Western Sahara,,2002,0,
1813,Western Sahara,,2003,0,
1814,Western Sahara,,2004,0,
1815,Western Sahara,,2005,0,
1816,Western Sahara,,2006,0,
1817,Western Sahara,,2007,0,
1818,Western Sahara,,2008,0,
1819,Western Sahara,,2009,0,
1820,Zambia,ZMB,2000,0,Africa
1821,Zambia,ZMB,2001,0,Africa
1822,Zambia,ZMB,2002,0,Africa
1823,Zambia,ZMB,2003,0,Africa
1824,Zambia,ZMB,2004,0,Africa
1825,Zambia,ZMB,2005,0,Africa
1826,Zambia,ZMB,2006,0,Africa
1827,Zambia,ZMB,2007,0,Africa
1828,Zambia,ZMB,2008,0,Africa
1829,Zambia,ZMB,2009,0,Africa
1830,Zimbabwe,ZWE,2000,0,Africa
1831,Zimbabwe,ZWE,2001,0,Africa
1832,Zimbabwe,ZWE,2002,0,Africa
1833,Zimbabwe,ZWE,2003,0,Africa
1834,Zimbabwe,ZWE,2004,0,Africa
1835,Zimbabwe,ZWE,2005,0,Africa
1836,Zimbabwe,ZWE,2006,0,Africa
1837,Zimbabwe,ZWE,2007,0,Africa
1838,Zimbabwe,ZWE,2008,0,Africa
1839,Zimbabwe,ZWE,2009,0,Africa
1840,Asia & Oceania,,2000,3.1,
1841,Asia & Oceania,,2001,8.32,
1842,Asia & Oceania,,2002,17.44,
1843,Asia & Oceania,,2003,21.3,
1844,Asia & Oceania,,2004,27.88,
1845,Asia & Oceania,,2005,42.0605,
1846,Asia & Oceania,,2006,45.79,
1847,Asia & Oceania,,2007,68.85,
1848,Asia & Oceania,,2008,83.1501,
1849,Asia & Oceania,,2009,91.9705,
1850,Afghanistan,AFG,2000,0,Asia
1851,Afghanistan,AFG,2001,0,Asia
1852,Afghanistan,AFG,2002,0,Asia
1853,Afghanistan,AFG,2003,0,Asia
1854,Afghanistan,AFG,2004,0,Asia
1855,Afghanistan,AFG,2005,0,Asia
1856,Afghanistan,AFG,2006,0,Asia
1857,Afghanistan,AFG,2007,0,Asia
1858,Afghanistan,AFG,2008,0,Asia
1859,Afghanistan,AFG,2009,0,Asia
1860,American Samoa,,2000,0,
1861,American Samoa,,2001,0,
1862,American Samoa,,2002,0,
1863,American Samoa,,2003,0,
1864,American Samoa,,2004,0,
1865,American Samoa,,2005,0,
1866,American Samoa,,2006,0,
1867,American Samoa,,2007,0,
1868,American Samoa,,2008,0,
1869,American Samoa,,2009,0,
1870,Australia,AUS,2000,0,Oceania
1871,Australia,AUS,2001,0,Oceania
1872,Australia,AUS,2002,0,Oceania
1873,Australia,AUS,2003,0.1,Oceania
1874,Australia,AUS,2004,0.7,Oceania
1875,Australia,AUS,2005,1.6,Oceania
1876,Australia,AUS,2006,2.2,Oceania
1877,Australia,AUS,2007,3.5,Oceania
1878,Australia,AUS,2008,5.4,Oceania
1879,Australia,AUS,2009,8,Oceania
1880,Bangladesh,BGD,2000,0,Asia
1881,Bangladesh,BGD,2001,0,Asia
1882,Bangladesh,BGD,2002,0,Asia
1883,Bangladesh,BGD,2003,0,Asia
1884,Bangladesh,BGD,2004,0,Asia
1885,Bangladesh,BGD,2005,0,Asia
1886,Bangladesh,BGD,2006,0,Asia
1887,Bangladesh,BGD,2007,0,Asia
1888,Bangladesh,BGD,2008,0,Asia
1889,Bangladesh,BGD,2009,0,Asia
1890,Bhutan,BTN,2000,0,Asia
1891,Bhutan,BTN,2001,0,Asia
1892,Bhutan,BTN,2002,0,Asia
1893,Bhutan,BTN,2003,0,Asia
1894,Bhutan,BTN,2004,0,Asia
1895,Bhutan,BTN,2005,0,Asia
1896,Bhutan,BTN,2006,0,Asia
1897,Bhutan,BTN,2007,0,Asia
1898,Bhutan,BTN,2008,0,Asia
1899,Bhutan,BTN,2009,0,Asia
1900,Brunei,BRN,2000,0,
1901,Brunei,BRN,2001,0,
1902,Brunei,BRN,2002,0,
1903,Brunei,BRN,2003,0,
1904,Brunei,BRN,2004,0,
1905,Brunei,BRN,2005,0,
1906,Brunei,BRN,2006,0,
1907,Brunei,BRN,2007,0,
1908,Brunei,BRN,2008,0,
1909,Brunei,BRN,2009,0,
1910,Burma (Myanmar),,2000,0,
1911,Burma (Myanmar),,2001,0,
1912,Burma (Myanmar),,2002,0,
1913,Burma (Myanmar),,2003,0,
1914,Burma (Myanmar),,2004,0,
1915,Burma (Myanmar),,2005,0,
1916,Burma (Myanmar),,2006,0,
1917,Burma (Myanmar),,2007,0,
1918,Burma (Myanmar),,2008,0,
1919,Burma (Myanmar),,2009,0,
1920,Cambodia,KHM,2000,0,Asia
1921,Cambodia,KHM,2001,0,Asia
1922,Cambodia,KHM,2002,0,Asia
1923,Cambodia,KHM,2003,0,Asia
1924,Cambodia,KHM,2004,0,Asia
1925,Cambodia,KHM,2005,0,Asia
1926,Cambodia,KHM,2006,0,Asia
1927,Cambodia,KHM,2007,0,Asia
1928,Cambodia,KHM,2008,0.0001,Asia
1929,Cambodia,KHM,2009,0.0005,Asia
1930,China,CHN,2000,0.1,
1931,China,CHN,2001,5.1,
1932,China,CHN,2002,13.9,
1933,China,CHN,2003,17.3,
1934,China,CHN,2004,21.5,
1935,China,CHN,2005,32,
1936,China,CHN,2006,30.7,
1937,China,CHN,2007,39.4,
1938,China,CHN,2008,43,
1939,China,CHN,2009,43,
1940,Cook Islands,COK,2000,0,
1941,Cook Islands,COK,2001,0,
1942,Cook Islands,COK,2002,0,
1943,Cook Islands,COK,2003,0,
1944,Cook Islands,COK,2004,0,
1945,Cook Islands,COK,2005,0,
1946,Cook Islands,COK,2006,0,
1947,Cook Islands,COK,2007,0,
1948,Cook Islands,COK,2008,0,
1949,Cook Islands,COK,2009,0,
1950,Fiji,FJI,2000,0,Oceania
1951,Fiji,FJI,2001,0,Oceania
1952,Fiji,FJI,2002,0,Oceania
1953,Fiji,FJI,2003,0,Oceania
1954,Fiji,FJI,2004,0,Oceania
1955,Fiji,FJI,2005,0,Oceania
1956,Fiji,FJI,2006,0,Oceania
1957,Fiji,FJI,2007,0,Oceania
1958,Fiji,FJI,2008,0,Oceania
1959,Fiji,FJI,2009,0.01,Oceania
1960,French Polynesia,PYF,2000,0,
1961,French Polynesia,PYF,2001,0,
1962,French Polynesia,PYF,2002,0,
1963,French Polynesia,PYF,2003,0,
1964,French Polynesia,PYF,2004,0,
1965,French Polynesia,PYF,2005,0,
1966,French Polynesia,PYF,2006,0,
1967,French Polynesia,PYF,2007,0,
1968,French Polynesia,PYF,2008,0,
1969,French Polynesia,PYF,2009,0,
1970,Guam,,2000,0,
1971,Guam,,2001,0,
1972,Guam,,2002,0,
1973,Guam,,2003,0,
1974,Guam,,2004,0,
1975,Guam,,2005,0,
1976,Guam,,2006,0,
1977,Guam,,2007,0,
1978,Guam,,2008,0,
1979,Guam,,2009,0,
1980,Hawaiian Trade Zone,,2000,--,
1981,Hawaiian Trade Zone,,2001,--,
1982,Hawaiian Trade Zone,,2002,--,
1983,Hawaiian Trade Zone,,2003,--,
1984,Hawaiian Trade Zone,,2004,--,
1985,Hawaiian Trade Zone,,2005,--,
1986,Hawaiian Trade Zone,,2006,--,
1987,Hawaiian Trade Zone,,2007,--,
1988,Hawaiian Trade Zone,,2008,--,
1989,Hawaiian Trade Zone,,2009,--,
1990,Hong Kong,HKG,2000,0,
1991,Hong Kong,HKG,2001,0,
1992,Hong Kong,HKG,2002,0,
1993,Hong Kong,HKG,2003,0,
1994,Hong Kong,HKG,2004,0,
1995,Hong Kong,HKG,2005,0,
1996,Hong Kong,HKG,2006,0,
1997,Hong Kong,HKG,2007,0,
1998,Hong Kong,HKG,2008,0,
1999,Hong Kong,HKG,2009,0.1,
2000,India,IND,2000,3,Asia
2001,India,IND,2001,3.2,Asia
2002,India,IND,2002,3.3,Asia
2003,India,IND,2003,3.5,Asia
2004,India,IND,2004,3.9,Asia
2005,India,IND,2005,4.5,Asia
2006,India,IND,2006,4.7,Asia
2007,India,IND,2007,5.2,Asia
2008,India,IND,2008,3,Asia
2009,India,IND,2009,3,Asia
2010,Indonesia,IDN,2000,0,Asia
2011,Indonesia,IDN,2001,0,Asia
2012,Indonesia,IDN,2002,0,Asia
2013,Indonesia,IDN,2003,0,Asia
2014,Indonesia,IDN,2004,0.04,Asia
2015,Indonesia,IDN,2005,0.3,Asia
2016,Indonesia,IDN,2006,0.6,Asia
2017,Indonesia,IDN,2007,1.2,Asia
2018,Indonesia,IDN,2008,2.2,Asia
2019,Indonesia,IDN,2009,4,Asia
2020,Japan,JPN,2000,0,Asia
2021,Japan,JPN,2001,0,Asia
2022,Japan,JPN,2002,0.2,Asia
2023,Japan,JPN,2003,0.2,Asia
2024,Japan,JPN,2004,0.2,Asia
2025,Japan,JPN,2005,0.2005,Asia
2026,Japan,JPN,2006,0.3,Asia
2027,Japan,JPN,2007,0.3,Asia
2028,Japan,JPN,2008,0.7,Asia
2029,Japan,JPN,2009,1.3,Asia
2030,Kiribati,KIR,2000,0,Oceania
2031,Kiribati,KIR,2001,0,Oceania
2032,Kiribati,KIR,2002,0,Oceania
2033,Kiribati,KIR,2003,0,Oceania
2034,Kiribati,KIR,2004,0,Oceania
2035,Kiribati,KIR,2005,0,Oceania
2036,Kiribati,KIR,2006,0,Oceania
2037,Kiribati,KIR,2007,0,Oceania
2038,Kiribati,KIR,2008,0,Oceania
2039,Kiribati,KIR,2009,0,Oceania
2040,Korea,,2000,0,
2041,Korea,,2001,0,
2042,Korea,,2002,0,
2043,Korea,,2003,0,
2044,Korea,,2004,0,
2045,Korea,,2005,0,
2046,Korea,,2006,0,
2047,Korea,,2007,0,
2048,Korea,,2008,0,
2049,Korea,,2009,0,
2050,Korea,,2000,0,
2051,Korea,,2001,0,
2052,Korea,,2002,0.02,
2053,Korea,,2003,0.04,
2054,Korea,,2004,0.1,
2055,Korea,,2005,0.2,
2056,Korea,,2006,0.9,
2057,Korea,,2007,1.7,
2058,Korea,,2008,3.2,
2059,Korea,,2009,5,
2060,Laos,LAO,2000,0,Asia
2061,Laos,LAO,2001,0,Asia
2062,Laos,LAO,2002,0,Asia
2063,Laos,LAO,2003,0,Asia
2064,Laos,LAO,2004,0,Asia
2065,Laos,LAO,2005,0,Asia
2066,Laos,LAO,2006,0,Asia
2067,Laos,LAO,2007,0,Asia
2068,Laos,LAO,2008,0,Asia
2069,Laos,LAO,2009,0,Asia
2070,Macau,,2000,0,
2071,Macau,,2001,0,
2072,Macau,,2002,0,
2073,Macau,,2003,0,
2074,Macau,,2004,0,
2075,Macau,,2005,0,
2076,Macau,,2006,0,
2077,Macau,,2007,0,
2078,Macau,,2008,0,
2079,Macau,,2009,0,
2080,Malaysia,MYS,2000,0,Asia
2081,Malaysia,MYS,2001,0,Asia
2082,Malaysia,MYS,2002,0,Asia
2083,Malaysia,MYS,2003,0,Asia
2084,Malaysia,MYS,2004,0,Asia
2085,Malaysia,MYS,2005,0.2,Asia
2086,Malaysia,MYS,2006,0.7,Asia
2087,Malaysia,MYS,2007,0.9,Asia
2088,Malaysia,MYS,2008,0.1,Asia
2089,Malaysia,MYS,2009,0.1,Asia
2090,Maldives,MDV,2000,0,Asia
2091,Maldives,MDV,2001,0,Asia
2092,Maldives,MDV,2002,0,Asia
2093,Maldives,MDV,2003,0,Asia
2094,Maldives,MDV,2004,0,Asia
2095,Maldives,MDV,2005,0,Asia
2096,Maldives,MDV,2006,0,Asia
2097,Maldives,MDV,2007,0,Asia
2098,Maldives,MDV,2008,0,Asia
2099,Maldives,MDV,2009,0,Asia
2100,Mongolia,MNG,2000,0,Asia
2101,Mongolia,MNG,2001,0,Asia
2102,Mongolia,MNG,2002,0,Asia
2103,Mongolia,MNG,2003,0,Asia
2104,Mongolia,MNG,2004,0,Asia
2105,Mongolia,MNG,2005,0,Asia
2106,Mongolia,MNG,2006,0,Asia
2107,Mongolia,MNG,2007,0,Asia
2108,Mongolia,MNG,2008,0,Asia
2109,Mongolia,MNG,2009,0,Asia
2110,Nauru,NRU,2000,0,Oceania
2111,Nauru,NRU,2001,0,Oceania
2112,Nauru,NRU,2002,0,Oceania
2113,Nauru,NRU,2003,0,Oceania
2114,Nauru,NRU,2004,0,Oceania
2115,Nauru,NRU,2005,0,Oceania
2116,Nauru,NRU,2006,0,Oceania
2117,Nauru,NRU,2007,0,Oceania
2118,Nauru,NRU,2008,0,Oceania
2119,Nauru,NRU,2009,0,Oceania
2120,Nepal,NPL,2000,0,Asia
2121,Nepal,NPL,2001,0,Asia
2122,Nepal,NPL,2002,0,Asia
2123,Nepal,NPL,2003,0,Asia
2124,Nepal,NPL,2004,0,Asia
2125,Nepal,NPL,2005,0,Asia
2126,Nepal,NPL,2006,0,Asia
2127,Nepal,NPL,2007,0,Asia
2128,Nepal,NPL,2008,0,Asia
2129,Nepal,NPL,2009,0,Asia
2130,New Caledonia,NCL,2000,0,
2131,New Caledonia,NCL,2001,0,
2132,New Caledonia,NCL,2002,0,
2133,New Caledonia,NCL,2003,0,
2134,New Caledonia,NCL,2004,0,
2135,New Caledonia,NCL,2005,0,
2136,New Caledonia,NCL,2006,0,
2137,New Caledonia,NCL,2007,0,
2138,New Caledonia,NCL,2008,0,
2139,New Caledonia,NCL,2009,0,
2140,New Zealand,NZL,2000,0,Oceania
2141,New Zealand,NZL,2001,0,Oceania
2142,New Zealand,NZL,2002,0,Oceania
2143,New Zealand,NZL,2003,0,Oceania
2144,New Zealand,NZL,2004,0,Oceania
2145,New Zealand,NZL,2005,0,Oceania
2146,New Zealand,NZL,2006,0.02,Oceania
2147,New Zealand,NZL,2007,0.12,Oceania
2148,New Zealand,NZL,2008,0.12,Oceania
2149,New Zealand,NZL,2009,0.12,Oceania
2150,Niue,NIU,2000,0,
2151,Niue,NIU,2001,0,
2152,Niue,NIU,2002,0,
2153,Niue,NIU,2003,0,
2154,Niue,NIU,2004,0,
2155,Niue,NIU,2005,0,
2156,Niue,NIU,2006,0,
2157,Niue,NIU,2007,0,
2158,Niue,NIU,2008,0,
2159,Niue,NIU,2009,0,
2160,Pakistan,PAK,2000,0,Asia
2161,Pakistan,PAK,2001,0,Asia
2162,Pakistan,PAK,2002,0,Asia
2163,Pakistan,PAK,2003,0,Asia
2164,Pakistan,PAK,2004,0,Asia
2165,Pakistan,PAK,2005,0,Asia
2166,Pakistan,PAK,2006,0,Asia
2167,Pakistan,PAK,2007,0,Asia
2168,Pakistan,PAK,2008,0,Asia
2169,Pakistan,PAK,2009,0.2,Asia
2170,Papua New Guinea,PNG,2000,0,Oceania
2171,Papua New Guinea,PNG,2001,0,Oceania
2172,Papua New Guinea,PNG,2002,0,Oceania
2173,Papua New Guinea,PNG,2003,0,Oceania
2174,Papua New Guinea,PNG,2004,0,Oceania
2175,Papua New Guinea,PNG,2005,0,Oceania
2176,Papua New Guinea,PNG,2006,0,Oceania
2177,Papua New Guinea,PNG,2007,0,Oceania
2178,Papua New Guinea,PNG,2008,0,Oceania
2179,Papua New Guinea,PNG,2009,0,Oceania
2180,Philippines,PHL,2000,0,Asia
2181,Philippines,PHL,2001,0,Asia
2182,Philippines,PHL,2002,0,Asia
2183,Philippines,PHL,2003,0,Asia
2184,Philippines,PHL,2004,0.04,Asia
2185,Philippines,PHL,2005,0.06,Asia
2186,Philippines,PHL,2006,0.67,Asia
2187,Philippines,PHL,2007,1.2,Asia
2188,Philippines,PHL,2008,4,Asia
2189,Philippines,PHL,2009,5.4,Asia
2190,Samoa,WSM,2000,0,Oceania
2191,Samoa,WSM,2001,0,Oceania
2192,Samoa,WSM,2002,0,Oceania
2193,Samoa,WSM,2003,0,Oceania
2194,Samoa,WSM,2004,0,Oceania
2195,Samoa,WSM,2005,0,Oceania
2196,Samoa,WSM,2006,0,Oceania
2197,Samoa,WSM,2007,0,Oceania
2198,Samoa,WSM,2008,0,Oceania
2199,Samoa,WSM,2009,0,Oceania
2200,Singapore,SGP,2000,0,Asia
2201,Singapore,SGP,2001,0,Asia
2202,Singapore,SGP,2002,0,Asia
2203,Singapore,SGP,2003,0,Asia
2204,Singapore,SGP,2004,0,Asia
2205,Singapore,SGP,2005,0,Asia
2206,Singapore,SGP,2006,0,Asia
2207,Singapore,SGP,2007,0,Asia
2208,Singapore,SGP,2008,0.03,Asia
2209,Singapore,SGP,2009,0.04,Asia
2210,Solomon Islands,SLB,2000,0,Oceania
2211,Solomon Islands,SLB,2001,0,Oceania
2212,Solomon Islands,SLB,2002,0,Oceania
2213,Solomon Islands,SLB,2003,0,Oceania
2214,Solomon Islands,SLB,2004,0,Oceania
2215,Solomon Islands,SLB,2005,0,Oceania
2216,Solomon Islands,SLB,2006,0,Oceania
2217,Solomon Islands,SLB,2007,0,Oceania
2218,Solomon Islands,SLB,2008,0,Oceania
2219,Solomon Islands,SLB,2009,0,Oceania
2220,Sri Lanka,LKA,2000,0,Asia
2221,Sri Lanka,LKA,2001,0,Asia
2222,Sri Lanka,LKA,2002,0,Asia
2223,Sri Lanka,LKA,2003,0,Asia
2224,Sri Lanka,LKA,2004,0,Asia
2225,Sri Lanka,LKA,2005,0,Asia
2226,Sri Lanka,LKA,2006,0,Asia
2227,Sri Lanka,LKA,2007,0,Asia
2228,Sri Lanka,LKA,2008,0,Asia
2229,Sri Lanka,LKA,2009,0,Asia
2230,Taiwan,TWN,2000,0,
2231,Taiwan,TWN,2001,0,
2232,Taiwan,TWN,2002,0,
2233,Taiwan,TWN,2003,0,
2234,Taiwan,TWN,2004,0,
2235,Taiwan,TWN,2005,0,
2236,Taiwan,TWN,2006,0.1,
2237,Taiwan,TWN,2007,0.63,
2238,Taiwan,TWN,2008,1.1,
2239,Taiwan,TWN,2009,2.1,
2240,Thailand,THA,2000,0,Asia
2241,Thailand,THA,2001,0,Asia
2242,Thailand,THA,2002,0,Asia
2243,Thailand,THA,2003,0.1,Asia
2244,Thailand,THA,2004,1.3,Asia
2245,Thailand,THA,2005,2.3,Asia
2246,Thailand,THA,2006,4.1,Asia
2247,Thailand,THA,2007,13.2,Asia
2248,Thailand,THA,2008,18.5,Asia
2249,Thailand,THA,2009,18,Asia
2250,Timor-Leste (East Timor),,2000,--,
2251,Timor-Leste (East Timor),,2001,--,
2252,Timor-Leste (East Timor),,2002,0,
2253,Timor-Leste (East Timor),,2003,0,
2254,Timor-Leste (East Timor),,2004,0,
2255,Timor-Leste (East Timor),,2005,0,
2256,Timor-Leste (East Timor),,2006,0,
2257,Timor-Leste (East Timor),,2007,0,
2258,Timor-Leste (East Timor),,2008,0,
2259,Timor-Leste (East Timor),,2009,0,
2260,Tonga,TON,2000,0,Oceania
2261,Tonga,TON,2001,0,Oceania
2262,Tonga,TON,2002,0,Oceania
2263,Tonga,TON,2003,0,Oceania
2264,Tonga,TON,2004,0,Oceania
2265,Tonga,TON,2005,0,Oceania
2266,Tonga,TON,2006,0,Oceania
2267,Tonga,TON,2007,0,Oceania
2268,Tonga,TON,2008,0,Oceania
2269,Tonga,TON,2009,0,Oceania
2270,U.S. Pacific Islands,,2000,0,
2271,U.S. Pacific Islands,,2001,0,
2272,U.S. Pacific Islands,,2002,0,
2273,U.S. Pacific Islands,,2003,0,
2274,U.S. Pacific Islands,,2004,0,
2275,U.S. Pacific Islands,,2005,0,
2276,U.S. Pacific Islands,,2006,0,
2277,U.S. Pacific Islands,,2007,0,
2278,U.S. Pacific Islands,,2008,0,
2279,U.S. Pacific Islands,,2009,0,
2280,Vanuatu,VUT,2000,0,Oceania
2281,Vanuatu,VUT,2001,0,Oceania
2282,Vanuatu,VUT,2002,0,Oceania
2283,Vanuatu,VUT,2003,0,Oceania
2284,Vanuatu,VUT,2004,0,Oceania
2285,Vanuatu,VUT,2005,0,Oceania
2286,Vanuatu,VUT,2006,0,Oceania
2287,Vanuatu,VUT,2007,0,Oceania
2288,Vanuatu,VUT,2008,0,Oceania
2289,Vanuatu,VUT,2009,0,Oceania
2290,Vietnam,VNM,2000,0,Asia
2291,Vietnam,VNM,2001,0,Asia
2292,Vietnam,VNM,2002,0,Asia
2293,Vietnam,VNM,2003,0,Asia
2294,Vietnam,VNM,2004,0,Asia
2295,Vietnam,VNM,2005,0,Asia
2296,Vietnam,VNM,2006,0,Asia
2297,Vietnam,VNM,2007,0,Asia
2298,Vietnam,VNM,2008,0,Asia
2299,Vietnam,VNM,2009,0.1,Asia
2300,Wake Island,,2000,0,
2301,Wake Island,,2001,0,
2302,Wake Island,,2002,0,
2303,Wake Island,,2003,0,
2304,Wake Island,,2004,0,
2305,Wake Island,,2005,0,
2306,Wake Island,,2006,0,
2307,Wake Island,,2007,0,
2308,Wake Island,,2008,0,
2309,Wake Island,,2009,0,
2310,World,OWID_WRL,2000,283.33417,
2311,World,OWID_WRL,2001,336.45277,
2312,World,OWID_WRL,2002,387.06853,
2313,World,OWID_WRL,2003,485.73674,
2314,World,OWID_WRL,2004,561.78785,
2315,World,OWID_WRL,2005,747.398,
2316,World,OWID_WRL,2006,990.90265,
2317,World,OWID_WRL,2007,1350.30501,
2318,World,OWID_WRL,2008,1584.49737,
2319,World,OWID_WRL,2009,1768.27536,
